"";"";"";"";"";"";"";"";"";"";"";"";"";"";"";"";"";"";"";"";"";"";"";"";"";"";"";"";"";"";"";"";"";"";"";"";"";"";"";"";"";"";"";"";"";"";"";"";"";"";"";"";"";"";"";"";"";"";"";"";"";"";"";""
"";St.;Codice;Ragione Sociale;Ragione Sociale2;Indirizzo;Cap;Prov.;Codice Fiscale;Codice Pagam Ana;Codice Esenz Iva;Banca Appoggio;Sconto;Partita Iva;Zona;Codice Agente Ana;Cellulare;Telefono Cli For;Libero_2A;Codice Abi Cab;Note Brevi;Destinazione 1;Dichiar Intento;Data Nascita;Luogo Nascita;Inizio Rapporto;Telefax Cli For;Porto Default;Vettore Default;Spese Bollo Def;Spese Varie Def;Fido Cli For;Flag Allegati;Destinazione 2;Uso Sede Operativ;SO Ragione Social;SO Ragione Soc2;SO Indirizzo;SO Cap;SO Provincia;Uso Fido;Uso Annotaz Cli1;Email Cli For;Conto Corrente;Lingua Cli For;Data Iniz Dic Int;Data Fin Dic Int;Listino Magazzin;Riclassificaz;Note Consegna1A;Note Consegna2A;Uso Annotaz Cli2;Uso Annotaz Cli3;IBAN Ana;BIC Ana;Email Cli For2;Regione;Bloccato Commerc;EmailPEC;Dich Int Importo;Cod Dest Fatt Ele;Valuta Default;Cod Collegato;Anag Collegata
"";P;1;CLIENTI PRIVATI;"";         -;"";"";"";"";"";"";"";"";"";"";"";"";"";"";"";"";"";"";"";"";"";"";"";"";"";"";"";"";"";"";"";"";"";"";BAOPS;BFAORPSV;"";"";"";"";"";"";"";"";"";"";"";"";"";"";"";"";"";"";"";"";"";""
"";"";2;ABB POWER GRID ITALY S.P.A.;"";SR 11, SIGNOLO 22-MONTEBELLO VICENTINO;36054;VI;10799730964;000000;"";"";"";IT10799730964;"";"";"";0444 449308;"";"";"";"";"";"";"";"";"";"";"";"";"";"";1;"";"";"";"";"";"";"";"";"";michele.boscaini@it.abb.com;"";"";"";"";"";"";"";"";POBFA;"";"";"";"";"";"";"";"";"";EUR;"";""
"";"";3;GRASSELLI ANTONIO SRL;"";via delle Prese, 2-SANTORSO;36014;VI;00194100244;@4;"";"";"";IT00194100244;"";"";"";0445 640455;"";"";"";"";"";"";"";"";"";2;"";"";"";"";1;"";"";"";"";"";"";"";"";"";commerciale@grassellisrl.it;"";"";"";"";"";"";"";"";POBFA;"";"";"";"";"";"";"";"";"";EUR;"";""
"";"";4;MECCANICA MARCATO SRL;"";via Martiri della Libertà, 17-CAMPOSANPIOERO;35012;PD;02680210289;000000;"";"";"";IT02680210289;"";"";"";049 9303490;"";"";"";"";"";"";"";"";"";"";"";"";"";"";1;"";"";"";"";"";"";"";"";"";info@meccanicamarcato.it;"";"";"";"";"";"";"";"";POBFA;"";"";"";"";"";"";"";"";"";EUR;"";""
"";"";5;BERTI GIORGIO orafo di BERTI GIANCARLO;VANIA;via Ponte Vetero, 22-MILANO;20121;MI;BTRGCR70A06F205L;000000;"";"";"";IT03750410965;"";"";"";02 876173;"";"";"";"";"";"";"";"";"";"";"";"";"";"";1;"";"";"";"";"";"";"";"";"";berti.giancarlo@fastwegnet.it;"";"";"";"";"";"";"";"";POBFA;"";"";"";"";"";"";"";"";"";"";"";""
"";E;6;SUMA W. Malok GmbH;"";Mulde 10-Eisingen - Germany;75239;EE;"";200000;89;"";"";DE144200826;"";"";"";"";"";"";"";"";"";"";"";"";"";"";F#22 GLS ENTERPRISE SRL ;"";"";"";"";"";"";"";"";"";"";"";"";"";suma@suma-gmbh.de;"";1;"";"";"";"";"";"";POBFA;"";"";"";suma@suma-gmbh.de;"";"";"";"";XXXXXXX;EUR;"";""
"";"";7;ILO S.r.l.;"";via Brescia, 21-TORRI DI QUARTESOLO;36040;VI;03118060247;"";"";"";"";IT03118060247;"";"";"";0444 267404;"";"";"";"";"";"";"";"";"";"";"";"";"";"";1;"";"";"";"";"";"";"";"";"";info@ilo-srl.it;"";"";"";"";"";"";"";"";POBFA;"";"";"";"";"";"";"";"";"";"";"";""
"";"";8;SEPROM SRL;"";via L. Einaudi, 14-TEZZA SUL BRENTA;36056;VI;02852660246;"";"";"";"";IT02852660246;"";"";"";0424 1945115;"";"";"";"";"";"";"";"";"";"";"";"";"";"";1;"";"";"";"";"";"";"";"";"";targhe@seprom.net;"";"";"";"";"";"";"";"";POBFA;"";"";"";"";"";"";"";"";"";"";"";""
"";"";9;STELLA SRL;"";via Grandi, 7/9-BUCCINASCO;20090;MI;01375020060;A00000;"";"";"";IT09968330150;"";"";"";02 45700528;"";"";"";"";"";"";"";"";3296814560;"";"";"";"";"";1;"";"";"";"";"";"";"";"";"";pierostella@stellamilano.it;"";"";"";"";"";"";"";"";POBFA;"";"";"";paolagalleri@stellamilano.it;"";"";"";"";0000000;"";"";""
"";"";10;AG2009 S.r.l.;"";via Postale Vecchia, 120-TRISSINO;36070;VI;03514920242;"";"";"";"";IT03514920242;"";"";"";0445 960063;"";"";"";"";"";"";"";"";349 2233979;"";"";"";"";"";1;"";"";"";"";"";"";"";"";"";posta@ag2009.it;"";"";"";"";"";"";"";"";POBFA;"";"";"";"";"";"";"";"";"";EUR;"";""
"";"";11;FACCO CORPORATION S.R.L.;"";via dell'Artigianato, 21-CAMISANO VICENTINO;36043;VI;03654210248;B41000;"";"";"";IT03654210248;"";"";"";04444 418000;"";"";"";"";"";"";"";"";"";"";"";"";"";"";1;"";"";"";"";"";"";"";"";"";"";"";"";"";"";"";"";"";"";POBFA;"";"";"";amministrazione@faccocorp.it;"";"";"";"";0000000;"";"";711
"";"";12;GASTALDON STAMPI di Gastaldon Nicola;"";via dei Fanti, 41-TORRI DI QUARTESOLO;36040;VI;GSTNCL71C14L840O;A00000;"";"";"";IT02595660248;"";"";"";3335605646;"";"";"";"";"";"";"";"";0444 580507;"";"";"";"";"";1;"";"";"";"";"";"";"";"";"";gastaldonstampi@libero.it;"";"";"";"";"";"";"";"";POBFA;"";"";"";gastaldonstampi@libero.it;"";"";"";"";T9U85V9;EUR;"";""
"";"";13;FONELLI ROBERTO & C. snc;"";via Piave 7-OLMO DI CREAZZO;36051;VI;"";B41000;"";C.RURALE ARTIGIANA DI BRENDOLA-ag.SOVIZZ;"";IT01789030242;"";"";"";"";"";"";"";"";"";"";"";"";"";"";"";"";2,5;"";"";"";"";"";"";"";"";"";"";"";"";"";"";"";"";"";"";"";"";POBFA;"";"";"";"";"";"";"";"";0000000;"";"";""
"";"";14;BERICATECH s.r.l.;"";Via Verga, 23-MONTECCHIO MAGGIORE;36075;VI;03409400243;541032;"";BANCO BPM SOCIETA' PER AZIONI;"";IT03409400243;"";"";"";335 8132671;"";0503460530;Ruggero Zanin;"";"";"";"";"";"";"";"";"";2,5;"";1;"";"";"";"";"";"";"";"";"";commerciale@bericatech.com;"";"";"";"";"";"";"";"";POBFA;"";IT74T0503460530000000012480;"";commerciale@bericatech.com;"";"";"";"";0000000;"";"";""
"";"";15;MALCOLM SUDA;"";120 St, Margaret Street-San Gwann, SGN1677;"";"";"";000000;89;"";"";MT0000000;"";"";"";"";"";"";"";"";"";"";"";"";"";"";"";"";"";"";"";"";"";"";"";"";"";"";"";"";malcolmsuda@gmail.com;"";1;"";"";"";"";"";"";POBFA;"";"";"";"";"";"";"";"";XXXXXXX;EUR;"";""
"";"";16;3.z. srl Unipersonale;"";via G.A.  Longhin 131-PADOVA;35129;PD;00313810285;A00000;"";"";"";IT00313810285;"";"";"";0424 31862;"";"";"";"";"";"";"";"";"";"";"";"";"";"";1;"";"";"";"";"";"";"";"";"";info@trezetasrl.com;"";"";"";"";"";"";"";"";POBFA;"";"";"";info@trezetasrl.com;"";"";"";"";T9K4ZHO;EUR;"";""
"";"";17;MARIO DI MAIO S.p.A.;"";Via Manzoni, 40-GERENZANO - SARONNO;21040;VA;"";541032;"";UNICREDIT BANCA ROMA;"";IT04628430151;"";"";"";"";"";0200805364;"";"";"";"";"";"";"";"";"";"";2,5;"";"";"";"";"";"";"";"";"";"";"";"";000004607472;"";"";"";"";"";"";"";POBFA;"";IT43Q0200805364000004607472;"";"";"";"";"";"";0000000;"";"";""
"";"";18;EUROTECNICHE SRL;"";via Trieste 26/C-MUSSOLENTE;36065;VI;02642430249;000000;"";"";"";IT02642430249;"";"";"";3358276460;"";"";"";"";"";"";"";"";"";"";"";"";"";"";1;"";"";"";"";"";"";"";"";"";roberto@eurotecniche.com;"";"";"";"";"";"";"";"";POBFA;"";"";"";"";"";"";"";"";0000000;EUR;"";""
"";"";19;Cavinato Dino S.R.L. Laboratorio Orafo;"";Via Benvenuto Cellini, 16-Camisano Vicentino;36043;VI;02034910246;B41000;"";"";"";IT02034910246;"";"";"";0444 610245;"";"";"";"";"";"";"";"";"";"";"";"";"";"";1;"";"";"";"";"";"";"";"";"";info@cavinatodino.it;"";"";"";"";"";"";"";"";POBFA;"";"";"";info@cavinatodino.it;"";"";"";"";SUBM70N;"";"";698
"";"";20;AZ GROUP S.R.L.;"";via Gorizia, 9-MARANO VICENTINO;36035;VI;04145640241;541032;"";"";"";IT04145640241;"";"";"";013721540;"";"";"";"";"";"";"";"";"";"";"";"";"";"";1;"";"";"";"";"";"";"";"";"";info@azgroupsrl.com;"";"";"";"";"";"";"";"";POBFA;"";"";"";"";"";"";"";"";"";"";"";""
"";"";21;ARIN S.A.;"";Amauta 197-Cercado de Lima;15067;"";"";"";"";"";"";PE;"";"";"";(511) 254 7892;"";"";"";"";"";"";"";"";"";"";"";"";"";"";1;"";"";"";"";"";"";"";"";"";yhuamani@arinsa.com.pe;"";"";"";"";"";"";"";"";POBFA;"";"";"";"";"";"";"";"";"";"";"";""
"";"";22;PESAVENTO Srl Unipersonale;"";Via Vecchia Ferriera, 50-VICENZA;36100;VI;01612550242;541032;"";Südtiroler Sparkasse AG Sede di Vicenza;"";IT01612550242;"";"";"";0444 964566;"";0604511800;Marino Pesavento;"";"";"";"";"";"";"";"";"";"";"";1;"";"";"";"";"";"";"";"";"";"";000005001006;"";"";"";"";"";"";"";POBFA;"";IT57Z0604511800000005001006;"";marino@pesavento.com;"";"";"";"";VU3IPWI;EUR;"";""
"";"";23;KRYSOS s.r.l.;"";Viale Milano, 108-VICENZA;36100;VI;01949590242;"";"";"";"";IT01949590242;"";"";"";0444 544188;"";"";"";"";"";"";"";"";"";2;"";"";"";"";1;"";"";"";"";"";"";"";"";"";salinromeo@gmail.com;"";"";"";"";"";"";"";"";POBFA;"";"";"";"";"";"";"";"";"";EUR;"";""
"";"";24;UTILITA' SRL;"";Via Volta 20F-Motta di Costabissara;36030;VI;02518130246;200000;"";"";"";IT02518130246;"";"";"";0444-971602;"";"";"";"";"";"";"";"";"";"";"";"";"";"";1;"";"";"";"";"";"";"";"";"";"";"";"";"";"";"";"";"";"";POBFA;"";"";"";acquisti@utilita.it;"";"";"";"";SUBM70N;EUR;"";""
"";"";25;RENATO MENEGATTI SRL;"";Via Conca 1/3-VILLAVERLA;36030;VI;"";@3;"";INTESA SAN PAOLO SPA;"";IT00902650241;"";"";"";0444 985532;"";0306911884;"";"";"";"";"";"";+39 3425465106;"";"";"";"";"";1;"";"";"";"";"";"";"";"";"";info@renatomenegatti.it;"";"";"";"";"";"";"";"";POBFA;"";IT50Y0306911884100000002990;"";"";"";"";"";"";AU7YEU4;EUR;"";""
"";"";26;TANOSPITFIRE AND CO LTD;"";16/16a Baldwin's garden-LONDON;"";"";3601415315;000000;"";"";"";UK3601415315;"";"";"";"";"";"";"";"";"";"";"";"";"";"";"";"";"";"";1;"";"";"";"";"";"";"";"";"";gaetanochiavetta72@gmail.com;"";"";"";"";"";"";"";"";POBFA;"";"";"";"";"";"";"";"";XXXXXXX;EUR;"";""
"";"";27;E-LOGIC SRL;"";Via 51 Stormo 40/42-THIENE;36016;VI;03652030242;"";"";"";"";IT03652030242;"";"";"";348 7105830;"";"";"";"";"";"";"";"";"";"";"";"";"";"";1;"";"";"";"";"";"";"";"";"";"";"";"";"";"";"";"";"";"";POBFA;"";"";"";"";"";"";"";"";"";EUR;"";""
"";"";28;MOLLIFICIO LEGNANESE S.p.a.;"";via Rovellini, 9/11-LEGNANO;20025;MI;06340640157;"";"";"";"";IT06340640157;"";"";"";0331 464630;"";"";"";"";"";"";"";"";33116753109;"";"";"";"";"";1;"";"";"";"";"";"";"";"";"";ivano.conte@mollificiolegnanese.it;"";"";"";"";"";"";"";"";POBFA;"";"";"";"";"";"";"";"";"";"";"";""
"";"";29;BETTINARDI S.r.l. - UNIPERSONALE;"";via dell'Artigianato 38-40-LONGARE;36023;VI;"";B41000;22;"";"";IT02532460249;"";"";"";0444 953296;"";"";Silvio Bettinardi;"";"";"";"";"";"";"";"";"";"";"";1;"";"";"";"";"";"";"";"";"";"";"";"";"";"";"";"";"";"";POBFA;"";"";"";info@bettinardiwatch.com;"";"";"";"";0000000;"";"";""
"";"";30;MIOTTI S.r.l.;"";Viale del Lavoro 22-VICENZA;36100;VI;00601510241;542332;"";UNICREDIT SPA Corso Padova;"";IT00601510241;"";"";"";0444 563611;"";0200811802;Diego Giaretta;"";"";"";"";"";"";"";"";"";2,5;"";1;"";"";"";"";"";"";"";"";"";info@miottisrl.com;"";"";"";"";"";"";"";"";POBFA;"";IT53R0200811802000000298085;UNCRITM1N18;info@miottisrl.com;"";"";"";"";AU7YEU4;EUR;"";""
"";"";31;G.P.F. S.a.s di Perfetto P.;"";Via Marinaro 56-CASANDRINO;80025;NA;05870421210;000000;"";"";"";IT05870421210;"";"";"";081 5051218;"";"";"";"";"";"";"";"";"";"";"";"";"";"";1;"";"";"";"";"";"";"";"";"";gpfsas.perfetto@libero.it;"";"";"";"";"";"";"";"";POBFA;"";"";"";gpfsas.perfetto@libero.it;"";"";"";"";M5UXCR1;"";"";""
"";"";32;A.B.ERRE SRL;"";Via Zamenhof, 370-VICENZA;36100;VI;01792870246;"";"";Banca Popolare dell'Alto Adige Spa;"";IT01792870246;"";"";"";0444 239312;"";0585660920;"";"";"";"";"";"";333 8717578;"";"";"";"";"";1;"";"";"";"";"";"";"";"";"";aberre@pec.it;"";"";"";"";"";"";"";"";POBFA;"";IT95C0585660920160571406340;"";aberre@aberre.it;"";"";"";"";M5UXCR1;"";"";""
"";"";33;PEZZATO LUCA;"";Via Fusinieri, 100-SCHIO;36015;VI;PZZLCU87T27I531O;200000;"";"";"";IT;"";"";"";"";"";"";"";"";"";"";"";"";"";"";"";"";"";"";"";"";"";"";"";"";"";"";"";"";luca.pezzato@unipd.it;"";"";"";"";"";"";"";"";POBFA;"";"";"";"";"";"";"";"";0000000;EUR;"";""
"";"";34;O.M.P.A.R. SRL;"";via A. Rossi, 26-ARCUGNANO;36057;VI;01473640249;541032;"";UNICREDIT, SOCIETA' PER AZIONI CORSO PADOVA, 142/D VICENZA;"";IT01473640249;"";"";"";0444 240545;"";0200811802;"";"";"";"";"";"";"";"";"";"";2,6;"";1;"";"";"";"";"";"";"";"";"";"";"";"";"";"";"";"";"";"";POBFA;"";IT12J0200811802000003865810;"";valentina.barban@ompar.com;"";"";"";"";W7YVJK9;"";"";697
"";"";35;BANFI MEDAGLIE S.r.l.;"";via della Vittoria, 98-Brugherio;20861;MB;02982060960;561032;"";"";"";IT02982060960;"";"";"";039 830061;"";0306932641;"";"";"";"";"";"";"";"";"";"";2,5;"";1;"";"";"";"";"";"";"";"";"";info@banfimedaglie.it;"";"";"";"";"";"";"";"";POBFA;"";"";"";info@banfimedaglie.it;"";"";"";"";W7YVJK9;EUR;"";""
"";"";36;ERREBI s.r.l.;"";Via Padova, 103-CAERANO SAN MARCO;31031;TV;03040060265;541032;22;BANCA DELLE TERRE VENETE CREDITO COOPERATIVO SOCIETA' COOPER;"";IT03040060265;"";"";"";0423.85466 int.4;"";0839961510;"";"";"";"";"";"";"";"";"";"";2,5;"";1;"";"";"";"";"";"";"";"";"";officina@errebimp.com;000000085791;"";"";"";"";"";"";"";POBFA;"";IT25H0839961510000000085791;"";acquisti@errebimp.com;"";"";"";"";M5UXCR1;EUR;"";""
"";"";37;DAV Tech SRL;"";VIA RAVIZZA, 30-MONTECCHIO MAGGIORE;36075;VI;03157870241;A00000;"";"";"";IT03157870241;"";"";"";0444 574510;"";"";Elia Sartorello;"";"";"";"";"";"";"";"";"";"";"";1;"";"";"";"";"";"";"";"";"";davtech@davtech.it;"";"";"";"";"";"";"";"";POBFA;"";"";"";"";"";"";"";"";WY7PJ6K;"";"";""
"";"";38;NEXT S.a.s. di Conte Rossano & C.;"";via Polesine 42/A-PADOVA;35142;"";05180250283;"";"";"";"";IT05180250283;"";"";"";348 7668768;"";"";"";"";"";"";"";"";"";"";"";"";"";"";1;"";"";"";"";"";"";"";"";"";conte@nextmec.com;"";"";"";"";"";"";"";"";POBFA;"";"";"";"";"";"";"";"";"";"";"";""
"";"";39;LAVORAZIONI INDUSTRIALI S.p.A.;"";Via al Santuario N.S. della Guardia-BOLZANETO;16162;GE;"";"";"";"";"";IT03803680101;"";"";"";010 726401;"";"";Fabrizio Sommaruga;"";"";"";"";"";"";"";"";"";"";"";1;"";"";"";"";"";"";"";"";"";info@lavind.it;"";"";"";"";"";"";"";"";POBFA;"";"";"";"";"";"";"";"";"";EUR;"";""
"";"";40;Gold fix jewelry;"";Shamgar street 16-Jerusalem Israel;9446116;"";"";000000;"";"";"";IL0000000;"";"";"";"";"";"";"";"";"";"";"";"";"";"";"";"";"";"";"";"";"";"";"";"";"";"";"";"";goldenpoint@icloud.com;"";"";"";"";"";"";"";"";POBFA;"";"";"";"";"";"";"";"";"";EUR;"";""
"";"";41;BUZIO s.n.c. di Buzio Massimiliano & C.;"";Via Tiepolo 61-Rampazzo di Camisano;36043;VI;02709040246;"";"";"";"";IT02709040246;"";"";"";0444411632;"";"";"";"";"";"";"";"";"";"";"";"";"";"";1;"";"";"";"";"";"";"";"";"";info@buzio.it;"";"";"";"";"";"";"";"";POBFA;"";"";"";"";"";"";"";"";"";"";"";""
"";"";42;BIMECCANICA SRL;"";Viale del Lavoro, 48/B Z.I.-BARBARANO MOSSANO;36048;VI;02744010246;@5;"";"";"";IT02744010246;"";"";"";0444-896891;"";"";"";"";"";"";"";"";"";"";"";"";"";"";1;"";"";"";"";"";"";"";"";"";info@bimeccanicavicenza.it;"";"";"";"";"";"";"";"";POBFA;"";"";"";"";"";"";"";"";"";EUR;"";""
"";"";43;SOUNDS GOLD S.r.l.s Unipersonale;"";Via Calatafimi 31-VICENZA;36100;VI;04191830241;"";"";"";"";IT04191830241;"";"";"";328 633 7613;"";"";"";"";"";"";"";"";0444 042243;"";"";"";"";"";1;"";"";"";"";"";"";"";"";"";admin@sounds-gold.com;"";"";"";"";"";"";"";"";POBFA;"";"";"";"";"";"";"";"";"";"";"";""
"";"";44;TERMO STAMPI S.a.s di Terraroli Maurizio;"";Via Olivetti 13/A Loc.Curvione-Rezzato;25086;BS;"";"";"";"";"";IT01270940172;"";"";"";+39 030 2593755;"";"";"";"";"";"";"";"";"";"";"";"";"";"";1;"";"";"";"";"";"";"";"";"";"";"";"";"";"";"";"";"";"";POBFA;"";"";"";"";"";"";"";"";"";"";"";""
"";"";45;TOPAZIO SRL;"";via Savona, 116-Torri di Quartesolo;36040;VI;"";A00000;"";"";"";IT02797640246;"";"";"";0444-267030;"";"";"";"";"";"";"";"";"";"";"";"";"";"";1;"";"";"";"";"";"";"";"";"";"";"";"";"";"";"";"";"";"";POBFA;"";"";"";info@topazio.vi.it;"";"";"";"";USAL8PV;"";"";""
"";"";46;Torneria P.M.S. s.r.l. a socio unico;"";via Paglierina, 21-MONTECCHIO MAGGIORE;36075;VI;00181340241;@5;"";"";"";IT00181340241;"";"";"";0444 492236;"";"";"";"";"";"";"";"";"";"";"";"";"";"";1;"";"";"";"";"";"";"";"";"";ozamunaro@torneriapms.com;"";"";"";"";"";"";"";"";POBFA;"";"";"";"";"";"";"";"";"";EUR;"";""
"";"";47;MEGACELL Srl;"";Via Postumia, 9/B-Carmignano di Brenta;35010;PD;04808980280;200000;"";"";"";IT04808980280;"";"";"";"";"";"";"";"";"";"";"";"";"";"";"";"";"";"";"";"";"";"";"";"";"";"";"";"";"";"";"";"";"";"";"";"";"";POBFA;"";"";"";"";"";"";"";"";"";EUR;"";""
"";"";48;DRS di Dalla Costa Monica;"";via Matteotti, 18-SAN VITO DI LEGUZZANO;36030;VI;04019290248;000000;"";"";"";IT04019290248;"";"";"";0445 517595;"";"";"";"";"";"";"";"";"";"";"";"";"";"";1;"";"";"";"";"";"";"";"";"";info@drs-minuterie.com;"";"";"";"";"";"";"";"";POBFA;"";"";"";"";"";"";"";"";"";EUR;"";""
"";"";49;L.M.P. di Rizzo Bruno;"";via Ca Marzare nø2-S.MARIA DI CAMISANO VICENTINO;36043;VI;RZZBRN56A22G224X;B43300;"";BANCA CENTROVENETO  agenzia CAMISANO;"";IT00780510285;"";"";"";0444 410136;"";"";"";"";"";"";"";"";03333556271;"";"";"";2,5;"";1;"";"";"";"";"";"";"";"";"";lmp.di.rizzobruno@virgilio.it;"";"";"";"";"";"";"";"";POBFA;"";"";"";lmp.di.rizzobruno@virgilio.it;"";"";"";"";0000000;"";"";""
"";"";50;SCALIGERA GUARNIZIONI SRL;"";Via Cav.di Vittorio Veneto, 29/A - Fraz.Tombazosana-RONCO ALL'ADIGE;37055;VR;03060900234;A00000;"";"";"";IT03060900234;"";"";"";045-7001831;"";"";Loris Barbieri;"";"";"";"";"";"";"";F#501;"";"";"";1;"";"";"";"";"";"";"";"";"";commerciale@scaligeraguarnizioni.it;"";"";"";"";"";"";"";"";POBFA;"";"";"";amministrazione@scaligeraguarnizioni.it;"";"";"";"";SUBM70N;EUR;"";""
"";"";51;CIMI S.p.A.;"";Via Galvani, n. 6/8-Burago di Molgora;20875;MB;"";@5;"";"";"";IT06318270151;"";"";"";039 6082663;"";"";Paolo Gargarella;"";"";"";"";"";"";"";"";"";"";"";1;"";"";"";"";"";"";"";"";"";paologargarella@cimispa.it;"";"";"";"";"";"";"";"";POBFA;"";"";"";"";"";"";"";"";M5UXCR1;EUR;"";""
"";"";52;MANDELLI s.n.c. di Mandelli Davide & C.;"";Via del Fiordaliso, 2/A-BUSTO ARSIZIO;21052;VA;02410450122;B41000;"";"";"";IT02410450122;"";"";"";0331-725733;"";"";"";"";"";"";"";"";"";2;F#67;"";"";"";1;"";"";"";"";"";"";"";"";"";"";"";"";"";"";"";"";"";"";POBFA;"";"";"";info@mandellisrl.it;"";"";"";"";QCNN53Y;EUR;"";""
"";"";53;ATHENA SPA;"";via Delle Albere, 13-ALONTE;36045;VI;"";B61000;"";02-BANCO BPM S.P.A.;"";IT00589040245;"";"";"";0444 727272;"";0518860450;"";"";"";"";"";"";"";"";"";"";"";"";"";"";"";"";"";"";"";"";"";"";"";"";"";"";"";"";"";"";"";BFAOPV;"";IT69W0518860450000000001234;"";g.foresta@athena.eu;"";"";"";"";MZO2A0U;"";"";""
"";"";54;MASSARO GIULIO;"";Via Ciro Menotti, 14-ORIA;72024;BR;MSSGGV83E25F152V;"";"";"";"";IT;"";"";"";349 380 5402;"";"";Giulio Massaro;"";"";"";"";"";"";"";"";"";"";"";1;"";"";"";"";"";"";"";"";"";giuliomassaro@libero.it;"";"";"";"";"";"";"";"";POBFA;"";"";"";giuliomassaro@libero.it;"";"";"";"";0000000;EUR;"";""
"";"";55;TOMASETTO ACHILLE Spa;"";Via del Progresso 47/53-CASTEGNERO;36020;VI;"";"";"";"";"";IT00931330245;"";"";"";0444638326;"";"";"";"";"";"";"";"";"";"";"";"";"";"";1;"";"";"";"";"";"";"";"";"";info@tomasetto.com;"";"";"";"";"";"";"";"";POBFA;"";"";"";"";"";"";"";"";"";"";"";""
"";"";56;ORO...GIO'ielli srl by Punto D'oro;"";Strada dei Molini, 64- VICENZA;36100;VI;03480620248;200000;"";"";"";IT03480620248;"";"";"";0444 302992;"";"";"";"";"";"";"";"";"";"";"";"";"";"";1;"";"";"";"";"";"";"";"";"";"";"";"";"";"";"";"";"";"";POBFA;"";"";"";"";"";"";"";"";0000000;"";"";""
"";"";57;SAF S.p.A.;"";Via Industriale, 14-MUSCOLINE;25080;BS;00449130178;541032;"";BANCA MONTE DEI PASCHI DI SIENA SPA;"";IT00562990986;"";"";"";0444-380375;"";0103011207;Alex;"";"";"";"";"";0365-377811;"";"";"";"";"";1;"";"";"";"";"";"";"";"";"";acquistivi@safgroup.it;"";"";"";"";"";"";"";"";POBFA;"";IT61A0103011207000010643885;"";acquistivi@safgroup.it;"";"";"";"";KRRH6B9;EUR;"";""
"";"";58;FILK S.P.A.;"";via dell'Industria, 8-MUSSOLENTE;36065;VI;00325890242;B41000;"";"";"";IT00325890242;"";"";"";0424 579411;"";"";"";"";"";"";"";"";"";"";"";"";"";"";1;"";"";"";"";"";"";"";"";"";"";"";"";"";"";"";"";"";"";POBFA;"";"";"";"";"";"";"";"";42W99SZ;EUR;"";""
"";"";59;PLASTIFICAZIONE BASTIANELLO S.r.l.;"";Via dell'Industria, 2-GRISIGNANO DI ZOCCO;36040;VI;03124050240;200000;"";"";"";IT03124050240;"";"";"";0444 414040;"";"";Sig.Bastianello;"";"";"";"";"";"";"";"";"";"";"";1;"";"";"";"";"";"";"";"";"";info@plastificazionebastianello.it;"";"";"";"";"";"";"";"";POBFA;"";"";"";plastificazionebastianello@gmail.com;"";"";"";"";A4707H7;EUR;"";""
"";"";60;SB LUXURY SRL;"";via Olmo 26-CAMPODARSEGO;35011;PD;04981930284;B41000;22;BPM Camposampiero;"";IT04981930284;"";"";"";049-7294208;"";0503462430;Sig.Enzo;"";"";"";"";"";"";"";"";"";"";"";1;"";"";"";"";"";"";"";"";"";amministrazione@sbluxury.it;000000002390;"";"";"";"";"";"";"";POBFA;"";IT14W0503462430000000002390;"";amministrazione@sbluxury.it;"";"";"";"";USAL8PV;EUR;"";""
"";"";61;RIPHER DI Rostello Paolo;"";Via Riviera Berica, 258-VICENZA;36100;VI;RSTPLA57D04A459A;@5;"";"";"";IT02673610248;"";"";"";"";"";"";Rostello Paolo;"";"";"";"";"";"";"";"";"";"";"";"";"";"";"";"";"";"";"";"";"";ripher@hotmail.it;"";"";"";"";"";"";"";"";POBFA;"";"";"";ripher@hotmail.it;"";"";"";"";USAL8PV;EUR;"";""
"";"";62;OROSYSTEM S.r.l.;"";Via Trieste n.19-BOLZANO VICENTINO;36050;VI;01380490282;A00000;"";"";"";IT01380490282;"";"";"";0444 350922;"";"";"";"";"";"";"";"";"";"";"";"";"";"";1;"";"";"";"";"";"";"";"";"";orosystem@gmail.com;"";"";"";"";"";"";"";"";POBFA;"";"";"";orosystemsrl@pec.it;"";"";"";"";0000000;EUR;"";""
"";"";63;GILDA EDITIONS SRL;"";Via E.Mattei, 13-DUEVILLE;36031;VI;04334110246;200000;"";BANCA DI VERONA E VICENZA Bolzano Vicentino;"";IT04334110246;"";"";"";0444 306301;"";0880760170;"";"";"";"";"";"";"";"";"";"";"";"";1;"";"";"";"";"";"";"";"";"";gildaeditions@gmail.com;000000853699;"";"";"";"";"";"";"";POBFA;"";IT71K0880760170000000853699;"";gildaeditions@gmail.com;"";"";"";"";SUBM70N;EUR;"";""
"";"";64;IACOVONE S.r.l.;"";Via Vecchia Ferriera, 50 Int. 23-VICENZA;36100;VI;02111590242;"";"";"";"";IT02111590242;"";"";"";0444-566187;"";"";"";"";"";"";"";"";"";"";"";"";"";"";1;"";"";"";"";"";"";"";"";"";info@iacovonegioielli.com;"";"";"";"";"";"";"";"";POBFA;"";"";"";"";"";"";"";"";"";EUR;"";""
"";"";65;SiS;"";al.Wojska Polskiego 41-Gdansk;80-268;GD;PL5840452994;200000;89;"";"";PLPL5840452994;"";"";"";+4858 341 31 29;"";"";Joanna Dabrowska;"";"";"";"";"";"";"";"";"";"";"";1;"";"";"";"";"";"";"";"";"";sis@sis.com.pl - biuro@kaleidoskop.pl;"";"";"";"";"";"";"";"";POBFA;"";"";"";sis@sis.com.pl;"";"";"";"";XXXXXXX;"";"";""
"";"";66;REZZADORE GROUP S.r.l. Semplificata;"";via S.Giovanni Battista, 7-PIANEZZE DI ARCUGNANO;36057;VI;04088880242;A00000;"";"";"";IT04088880242;"";"";"";0444 273019;"";"";"";"";"";"";"";"";335 7185180;"";"";"";"";"";1;"";"";"";"";"";"";"";"";"";"";"";"";"";"";"";"";"";"";POBFA;"";"";"";stefania@rezzadore.it;"";"";"";"";M5UXCR1;"";"";""
"";"";67;Q-TEQ Sp. z o.o.;"";Jasionka 954-Jasionka;36-002;PL;"";"";89;"";"";PLPL5170365602;"";"";"";+48 603081300;"";"";Stefano Bidese;"";"";"";"";"";+39 3455039728;"";"";"";"";"";1;"";"";"";"";"";"";"";"";"";stefano.bidese@qteq.eu;"";"";"";"";"";"";"";"";POBFA;"";"";"";"";"";"";"";"";XXXXXXX;EUR;"";""
"";"";68;SANDRI snc si Sandri Nicoletta & C.;"";Via R.Leoncavallo, 24-VICENZA;36100;VI;02433010242;200000;"";"";"";IT02433010242;"";"";"";0444 964326;"";"";Nicoletta Sandri;"";"";"";"";"";"";"";"";"";"";"";1;"";"";"";"";"";"";"";"";"";info@sandrisnc.it;"";"";"";"";"";"";"";"";POBFA;"";"";"";sandrisnc@pec.resnova.it;"";"";"";"";EH1R83N;EUR;"";""
"";"";69;BONATOR S.A.S. di Bonato Luca & C.;"";Via Vecchia Ferriera, 50-VICENZA;36100;VI;00897540241;B41000;"";"";"";IT00897540241;"";"";"";0444 912088;"";"";LUCA BONATO;"";"";"";"";"";348 8659921;"";"";"";"";"";1;"";"";"";"";"";"";"";"";"";info@bonator.it;"";"";"";"";"";"";"";"";POBFA;"";"";"";info@bonator.it;"";"";"";"";SUBM70N;EUR;"";694
"";"";70;VOTO FRANCESCO Laboratorio Orafo;"";Via Grande Orefici n.5-NAPOLI;80126;NA;"";@2;"";"";"";IT08012581214;"";"";"";351 182 6616;"";"";Francesco Voto;"";"";"";"";"";"";"";"";"";"";"";1;"";"";"";"";"";"";"";"";"";francescovoto@virgilio.it;"";"";"";"";"";"";"";"";POBFA;"";"";"";"";"";"";"";"";"";EUR;"";""
"";"";71;MATTEO GOLD SRL;"";Via Sarson n.73-Bassano del Grappa;36061;VI;"";@2;"";"";"";IT01716570245;"";"";"";0424-504381;"";"";Michela Crestani;"";"";"";"";"";"";"";"";"";"";"";1;"";"";"";"";"";"";"";"";"";info@matteogold.com;"";"";"";"";"";"";"";"";POBFA;"";"";"";info@matteogold.com;"";"";"";"";0000000;EUR;"";""
"";"";72;3Dtangoo di Cristian Tanghetti;"";via Padile, 14-Gardone Val Trompia;25063;BS;TNGCST76H18D918X;"";"";"";"";IT02980440982;"";"";"";3938280111;"";"";Cristian Tanghetti;"";"";"";"";"";"";"";"";"";"";"";1;"";"";"";"";"";"";"";"";"";tangoo@tiscalinet.it;"";"";"";"";"";"";"";"";POBFA;"";"";"";"";"";"";"";"";"";EUR;"";""
"";"";73;AREZZO PREZIOSI s.r.l.;"";viale Manzoni, 17-VALENZA;15048;AL;01959070069;B41000;"";UNICREDITO -VALENZA;"";IT01959070069;"";"";"";0131-941249;"";"";"";"";"";"";"";"";3357211287;"";"";"";"";"";1;"";"";"";"";"";"";"";"";"";Vito Santangelo <arezzo_preziosi@yahoo.it>;"";"";"";"";"";"";"";"";POBFA;"";"";"";"";"";"";"";"";0000000;EUR;"";""
"";"";74;LANARO SRL;"";Via dei fabbri, 4-BREGANZE;36042;VI;02169050248;@3;"";"";"";IT02169050248;"";"";"";0445 873196;"";"";"";"";"";"";"";"";"";"";"";"";"";"";1;"";"";"";"";"";"";"";"";"";"";"";"";"";"";"";"";"";"";POBFA;"";"";"";"";"";"";"";"";"";"";"";""
"";"";75;PAOLETTI GUITARS S.R.L;"";Via Palatucci 86-QUARRATA;51039;PT;02433740970;A00000;"";"";"";IT02433740970;"";"";"";0573 245749;"";"";Filippo Martini;"";"";"";"";"";"";"";"";"";"";"";1;"";"";"";"";"";"";"";"";"";info@paolettiguitars.com;"";"";"";"";"";"";"";"";POBFA;"";"";"";info@paolettiguitars.com;"";"";"";"";M5UXCR1;"";"";""
"";"";76;PASIN SRL;"";Via Astico, 27-CARRE';36010;VI;03680770249;541032;"";INTESA SAN PAOLO Agenzia di Schio (VI) - Via Lago di Trasime;"";IT03680770249;"";"";"";0445 315004;"";0306960757;info@pasin.biz;"";"";"";"";"";3927477527;2;F#22;"";2,5;"";1;"";"";"";"";"";"";"";"";"";amministrazione@pasin.biz;100000003079;"";"";"";"";"";"";"";POBFA;"";IT49Y0306960757100000003079;"";amministrazione@pasin.biz;"";"";"";"";SUBM70N;EUR;"";""
"";"";77;IT-TECH Srl;"";Via Nardi 110-ROMANO D'EZZELINO;36060;VI;"";542332;80;CREDITO EMILIANO SPA - CREDEM BANCA;"";IT03920030248;"";"";"";339 4756638;"";0303260160;"";"";25121809492449477-000001 D:18/12/25;"";"";"";"";"";"";2;"";"";1;"";"";"";"";"";"";"";"";"";"";010000002312;"";01/01/2026;31/12/2026;"";"";"";"";POBFA;"";IT89Z0303260160010000002312;"";amministrazione@it-tech.it;"";"";"";100000;5RUO82D;"";"";""
"";"";78;FAVRETTO SRL;"";Viale Riviera Berica, 573-VICENZA;36100;VI;00165260241;A00000;"";INTESA SAN PAOLO;"";IT00165260241;"";"";"";0444 242211;"";0306911894;"";"";"";"";"";"";"";"";"";"";"";"";1;"";"";"";"";"";"";"";"";"";info@favretto.com;100000007445;"";"";"";"";"";"";"";POBFA;"";IT29A0306911894100000007445;"";amministrazione@favretto.com;"";"";"";"";AU7YEU4;EUR;"";""
"";"";79;I FANTON S.R.L.;"";via Treviso 29/C-MONTICELLO CONTE OTTO;36010;VI;03194000240;562332;"";BANCA DEL VENETO CENTRALE Credito Cooperativo - Soc. Coop. A;"";IT03194000240;"";"";"";0444 946510;"";0859060170;Christian Fanton;"";"";"";"";"";"";"";"";"";5,2;"";1;"";"";"";"";"";"";"";"";"";"";000081037524;"";"";"";"";"";"";"";POBFA;"";IT96K0859060170000081037524;"";amministrazione@ifanton.it;"";"";"";"";0000000;"";"";692
"";"";80;CARBONVENETA TECNOLOGIA NEI;COMPOSITI-NESTECH-PLD COLLETTORI SRL;via Cavallara 15-18-Valdastico;36040;VI;03804520249;541032;"";BANCHE VENETE RIUNITE;"";IT03804520249;"";"";"";0445 745097;"";0866960940;"";"";"";"";"";"";0444 703051;"";"";"";"";"";1;"";"";"";"";"";"";"";"";"";acquisti@carbonveneta.it;013001100338;"";"";"";"";"";"";"";POBFA;"";IT44C0866960940013001100338;CCRTIT2TF01;"";"";"";"";"";SUBM70N;EUR;"";""
"";"";81;Sa.Mi.Oro s.a.s. di D'Amico Gabriele &;C.;C.so G. Matteotti, 71/B-VALENZA;15048;AL;01292760061;A00000;"";"";"";IT01292760061;"";"";"";3395847903;"";"";"";"";"";"";"";"";"";1;F#22;"";"";"";1;"";"";"";"";"";"";"";"";"";info@samioro.it;"";"";"";"";"";"";"";"";POBFA;"";"";"";"";"";"";"";"";0000000;EUR;"";""
"";"";82;FILINORO S.R.L.;"";Via Primo Ferraro, 26-Liedolo di San Zenone degli Ezzelini;31020;TV;"";A00000;"";"";"";IT01924390261;"";"";"";0423 567 138;"";"";"";"";"";"";"";"";"";"";"";"";"";"";1;"";"";"";"";"";"";"";"";"";filinorosrl@gmail.com;"";"";"";"";"";"";"";"";POBFA;"";"";"";filinorosrl@gmail.com;"";"";"";"";USAL8PV;EUR;"";685
"";"";83;DIPARTIMENTO DI INGEGNERIA INDUSTRIALE -;UNIVERSITA' DI PADOVA;Via Gradenigo, 6a-PADOVA;35131;PD;80006480281;A41000;92;"";"";IT00742430283;"";"";"";049-8277500;"";"";LUCA PEZZATO;"";"";"";"";"";"";"";"";"";"";"";1;"";"";"";"";"";"";"";"";"";direzione.dii@unipd.it;"";"";"";"";"";"";"";"";POBFA;"";"";"";contabile.dii@unipd.it;"";"";"";"";YAD8G7;EUR;"";""
"";"";84;G.D.E. S.r.l.;"";via Vanoni, 3-PADERNO DUGNANO;20037;MI;11276380158;541032;"";BANCA INTESA SAN PAOLO;"";IT11276380158;"";"";"";02 99044860;"";0306909441;"";"";"";"";"";"";"";"";"";"";2,5;"";1;"";"";"";"";"";"";"";"";"";"";"";"";"";"";"";"";"";"";POBFA;"";"";"";laura.b@gdebertoni.com;"";"";"";"";KRRH6B9;EUR;"";""
"";"";85;DAISY s.r.l.;"";via dell'Astronautica, 12-THIENE;36016;VI;01924540246;561032;22;"";"";IT01924540246;"";"";"";0445 380444;"";0622560180;"";"";"";"";"";"";"";"";"";"";2,5;"";1;"";"";"";"";"";"";"";"";"";"";"";"";"";"";"";"";"";"";POBFA;"";IT70B0622560180000000265671;"";atedesco@daisy-italy.com;"";"";"";"";KRRH6B9;"";"";""
"";"";86;ABGINEH;"";102, Zomorrod Bldg.,Neshat - (Amad Abad 9)St.Ahmad Abad Ave-MASHHAD - IRAN;"";"";"";200000;"";"";"";IR;"";"";"";+985138462836;"";"";"";"";"";"";"";"";"";"";"";"";"";"";1;"";"";"";"";"";"";"";"";"";"";"";"";"";"";"";"";"";"";POBFA;"";"";"";"";"";"";"";"";XXXXXXX;EUR;"";""
"";"";87;LOVATO GAS S.p.A a socio unico;"";strada casale, 175-VICENZA;36100;VI;IT03328680248;561032;"";"";"";IT03328680248;"";"";"";0444 218955;"";"";"";"";"";"";"";"";"";"";"";"";2,5;"";1;"";"";"";"";"";"";"";"";"";"";"";"";"";"";"";"";"";"";POBFA;"";"";"";fatture@lovatogas.com;"";"";"";"";0000000;"";"";""
"";"";88;CHIAMPESAN FABRIS SRL;"";via L. Galvani,2-SANDRIGO;36066;VI;00027270248;562332;"";"";"";IT00027270248;"";"";"";"";"";0306960717;"";"";"";"";"";"";"";"";"";"";2,6;"";"";"";"";"";"";"";"";"";"";"";viviana.z@chiampesanfabris.it;"";"";"";"";"";"";"";"";POBFA;"";"";"";viviana.z@chiampesanfabris.it;"";"";"";"";T04ZHR3;EUR;"";675
"";"";89;MERINI & C. s.n.c. di Giovanna e Marco;Merini;Via LEONARDO DA VINCI 44/3-ROZZANO;20089;MI;12577680155;541032;"";BANCA POPOLARE DI SONDRIO - Sede Milano;"";IT12577680155;"";"";"";02 89406410;"";0569601600;"";"";"";"";"";"";335 7044893;"";"";"";2,5;"";1;"";"";"";"";"";"";"";"";"";info@merinisnc.it;"";"";"";"";"";"";"";"";POBFA;"";IT33D0569601600000008161X46;"";info@merinisnc.it;"";"";"";"";T9K4ZHO;"";"";""
"";"";90;SALIN SRL;"";via Chiesa Nuova, 10-LONGARE;36023;VI;03410050243;B42300;"";CIVIBANK;"";IT03410050243;"";"";"";0444 555096;"";0548411800;"";"";"";"";"";"";"";2;"";"";2,5;"";1;"";"";"";"";"";"";"";"";"";"";"";"";"";"";"";"";"";"";POBFA;"";IT91K05484118001060000174;"";anna.castello@salin.it;"";"";"";"";W7YVJK9;"";"";""
"";"";91;ELMEC GROUP S.r.l.;"";via dell'Industria, 1-ASIGNANO VENETO;36020;VI;"";"";"";"";"";IT03725780245;"";"";"";0444 772023;"";"";"";"";"";"";"";"";"";2;"";"";"";"";1;"";"";"";"";"";"";"";"";"";info@elmec-online.net;"";"";"";"";"";"";"";"";POBFA;"";"";"";"";"";"";"";"";"";"";"";""
"";"";92;DIENNECI GIOIELLI S.r.l.;"";Piazza Duomo, 17-Desenzano d/Garda;25080;BS;03594090981;@5;"";"";"";IT03594090981;"";"";"";030 523 5996;"";"";Damin Giuseppe;"";"";"";"";"";"";"";"";"";"";"";1;"";"";"";"";"";"";"";"";"";bepdam47@gmail.com;"";"";"";"";"";"";"";"";POBFA;"";"";"";"";"";"";"";"";"";EUR;"";""
"";"";93;T.R.UTENSILI s.r.l. Società Unipersonale;"";via G.A. BORELLI, 10-MONTECCHIO MAGGIORE;36075;VI;02074740248;571032;22;CASSA RURALE ED ARTIGIANA DI BRENDOLA Filiale di Montecchio;"";IT02074740248;"";"";"";0444 490810;"";0839960530;Edoardo Barbieri;"";"";"";"";"";3402753290;"";"";"";"";"";1;"";"";"";"";"";"";"";"";"";"";000000175127;"";"";"";"";"";"";"";POBFA;"";it36x0839960530000000175127;"";amministrazione@trutensili.it;"";"";"";"";SUBM70N;"";"";""
"";"";94;BETTER SILVER S.P.A.;"";via Artigianato n. 25-BRESSANVIDO;36050;VI;00573140241;541032;80;BANCA INTESA SAN PAOLO;"";IT00573140241;"";"";"";0444-467711;"";0306960717;Massimo Carraro;"";25121208085348274-000086 D:12/12/25;"";"";"";"";"";"";"";2,6;"";1;"";"";"";"";"";"";"";"";"";"";"";"";01/01/2026;31/12/2026;"";"";"";"";POBFA;"";"";"";amministrazione@bettersilver.it;"";"";"";100000;A4707H7;EUR;"";""
"";"";95;AURUM Srl;"";Via del Lavoro, 38-Argelato;40050;BO;"";"";"";"";"";IT03292341207;"";"";"";051 6650131;"";"";Emiliano Parisini;"";"";"";"";"";"";"";"";"";"";"";1;"";"";"";"";"";"";"";"";"";eparisini@aurum-eu.com;"";"";"";"";"";"";"";"";POBFA;"";"";"";"";"";"";"";"";"";EUR;"";""
"";"";96;AMBROSI CESARE & C. Srl;"";via Paludi 18/B-GARDOLO;38121;TN;00669200222;A00000;"";"";"";IT00669200222;"";"";"";0461 990067;"";"";"";"";"";"";"";"";348 7005903;"";"";"";"";"";1;"";"";"";"";"";"";"";"";"";info@ambrosimeccanica.com;"";"";"";"";"";"";"";"";POBFA;"";"";"";info@ambrosimeccanica.com;"";"";"";"";5RUO82D;"";"";""
"";"";97;NORTAN Srl;"";Via dell'Industria, 11-VERONELLA;37040;VR;02311900233;000000;"";"";"";IT02311900233;"";"";"";0442 47844;"";"";Lorenzo Lunardi;"";"";"";"";"";"";"";"";"";"";"";1;"";"";"";"";"";"";"";"";"";l.lunardi@nortan.it;"";"";"";"";"";"";"";"";POBFA;"";"";"";"";"";"";"";"";"";EUR;"";""
"";"";98;DYNAMEC S.r.l.;"";Via Fiorolle, 16/18-Romano d'Ezzelino;36060;VI;"";"";"";"";"";IT03505630248;"";"";"";0424-514750;"";"";Riccardo Dal POrto;"";"";"";"";"";"";"";"";"";"";"";1;"";"";"";"";"";"";"";"";"";dalporto@dynamecsrl.com;"";"";"";"";"";"";"";"";POBFA;"";"";"";"";"";"";"";"";MJ10YNU;EUR;"";""
"";"";99;THE FACTORY OF JEWELLERY S.L.;"";AV. DEL CONGOST,19 NAVE 16-MARTORELL - BARCELLONA;08750;"";ESB67328989;@8;89;"";"";ESESB67328989;"";"";"";0093 473 59 15;"";"";"";"";"";"";"";"";"";"";"";"";"";"";1;"";"";"";"";"";"";"";"";"";thefactoryjewels@gmail.com;"";"";"";"";"";"";"";"";POBFA;"";"";"";"";"";"";"";"";XXXXXXX;EUR;"";""
"";"";101;OFFICINE HELLEN SRL;"";via dell'Economia, 22-VICENZA;36100;VI;00197510241;541032;"";UniCredit Spa Filiale Marostica - Piazza Castello, 31 - 3606;"";IT00197510241;"";"";"";0444 964600;"";0200860500;"";"";"";"";"";"";"";"";"";"";2,60;"";1;"";"";"";"";"";"";"";"";"";info@officinehellen.it;000105264735;"";"";"";"";"";"";"";POBFA;"";IT28G0200860500000105264735;UNCRITM1M66;amministrazione@officinehellen.it;"";"";"";"";T04ZHR3;EUR;"";670
"";"";102;LABMEC SRL;""; Via delle Industrie 134-MARCON;30020;VE;"";"";"";"";"";IT04478870274;"";"";"";"";"";"";"";"";"";"";"";"";"";"";"";"";"";"";"";"";"";"";"";"";"";"";"";"";commerciale@labmecsrl.com;"";"";"";"";"";"";"";"";POBFA;"";"";"";"";"";"";"";"";"";"";"";""
"";"";103;ABRIADORES LiLi SRL;"";"Libertad 345 P.6° ""J"" CAPITAL FEDERAL-BUENOS AIRES";1012;"";00000000000;200000;90;"";"";AR00000000000;"";"";"";"";"";"";"";"";"";"";"";"";"";"";"";"";"";"";"";"";"";"";"";"";"";"";"";"";"";"";"";"";"";"";"";"";"";POBFA;"";"";"";"";"";"";"";"";"";EUR;"";""
"";"";104;NASER AND MANSOUR ASSAD COM;"";Salt Street, 109 - Loc. JORDAN - AMMAN-AL ABDALI;"";"";"";"";"";"";"";JO00000000000;"";"";"";+96 279 982 6730;"";"";"";"";"";"";"";"";"";"";"";"";"";"";1;"";"";"";"";"";"";"";"";"";mmislaih@yahoo.it;"";"";"";"";"";"";"";"";POBFA;"";"";"";"";"";"";"";"";XXXXXXX;"";"";""
"";"";105;ANZOLIN FERNANDO & CON-PRESS  S.P.A.;"";via Novara, 26/28-ARZIGNANO;36071;VI;01277380240;541032;"";"";"";IT01277380240;"";"";"";0444 670706;"";0503460120;Andrea Piovan;"";"";"";"";"";0444 670496;"";"";"";2,5;"";1;"";"";"";"";"";"";"";"";"";sales@anzolin-conpress.it;Q;"";"";"";"";"";"";"";POBFA;"";IT04Q0503460120000000061475;"";m.dalcero@anzolin-conpress.it;"";"";"";"";M5UXCR1;EUR;"";""
"";"";107;AR AUTOMAZIONI di Repele Andrea;"";Loc. Danieli, 8-CASTELGOMBERTO;36070;VI;RPLNDR65B15L551X;581032;"";"";"";IT03320180247;"";"";"";340 3722107;"";"";"";"";"";"";"";"";"";"";"";"";2,5;"";1;"";"";"";"";"";"";"";"";"";"";"";"";"";"";"";"";"";"";POBFA;"";"";"";"";"";"";"";"";0000000;"";"";""
"";"";108;CENTAURO SRL;"";Via Euclide, 4-AGRATE BRIANZA;20864;MB;01197310152;200000;"";"";"";IT00706060969;"";"";"";0427 799311;"";"";"";"";"";"";"";"";"";"";"";"";"";"";1;"";"";"";"";"";"";"";"";"";acquisti@centaurosrl.it;"";"";"";"";"";"";"";"";POBFA;"";"";"";"";"";"";"";"";MZO2A0U;EUR;"";""
"";"";109;INTERNATIONAL GOLD & S.S. SRL;"";via degli Avieri, 16-18-20-TORRI DI QUARTESOLO;36040;VI;02147960245;541032;80;"";"";IT02147960245;"";"";"";                    0444 38050;"";0859060800;"";"";25122213110211990-000001 D:22/12/25;"";"";"";"";"";"";"";2,5;"";1;"";"";"";"";"";"";"";"";"";"";"";"";01/01/2026;31/12/2026;"";"";"";"";POBFA;"";"";"";igss@igss.it;"";"";"";5000;P62QHVQ;"";"";""
"";"";110;IL VELLO D'ORO SRL;"";via della Meccanica 1/A-VICENZA;36100;VI;03918100243;200000;"";"";"";IT03918100243;"";"";"";349 4122897;"";"";"";"";"";"";"";"";"";"";"";"";"";"";1;"";"";"";"";"";"";"";"";"";"";"";"";"";"";"";"";"";"";POBFA;"";"";"";"";"";"";"";"";0000000;EUR;"";""
"";"";111;AMMAR ASHRAFI;"";YENIBOSNA MERKEZ MAH-LADIN SOK-KUYUMCUKENT ATÖLYE BLOGU-KAT: 1-SOKAK:10-n.16-BAH;34197;"";00000000000;000000;90;"";"";TR00000000000;"";"";"";"";"";"";"";"";"";"";"";"";"";"";"";"";"";"";"";"";"";"";"";"";"";"";"";"";"";"";"";"";"";"";"";"";"";POBFA;"";"";"";"";"";"";"";"";XXXXXXX;EUR;"";""
"";"";112;PERTEGATO GIOIELLI S.r.l.;"";via Piazzola, 15-CAMISANO VICENTINO;36043;VI;04270140249;B41000;"";"";"";IT04270140249;"";"";"";0444-411038;"";"";"";"";"";"";"";"";0444-410145;"";"";"";"";"";1;"";"";"";"";"";"";"";"";"";info@pertegatogioielli.it;"";"";"";"";"";"";"";"";POBFA;"";"";"";commerciale@pertegatogioielli.it;"";"";"";"";SUBM70N;EUR;"";""
"";"";113;TECNICA TARGHE SRL;"";via Ravizza 32 Z.A.-MONTECCHIO MAGGIORE;36075;VI;02682760240;561032;"";"";"";IT02682760240;"";"";"";0444 499088;"";0839960530;"";"";"";"";"";"";"";"";"";"";2,6;"";1;"";"";"";"";"";"";"";"";"";"";"";"";"";"";"";"";"";"";POBFA;"";"";"";tecnicatarghe@goldnet.it;"";"";"";"";T9K4ZHO;EUR;"";""
"";"";114;ZARAMELLA ARGENTI SRL;"";Viale delle Industrie, 1-RONCHI DI VILLAFRANCA;35010;PD;04260250289;B41000;80;INTESA SAN PAOLO SPA;"";IT04260250289;"";"";"";049 9070086;"";0306962982;SILVIO;"";25121614503315886-000015 D:16/12/25;"";"";"";"";"";"";"";"";"";1;"";"";"";"";"";"";"";"";"";amministr@zaramellaargenti.it;"";"";01/01/2026;31/12/2026;"";"";"";"";POBFA;"";IT50J0306962982100000001505;BCITITMMXXX;amministr@zaramellaargenti.it;Veneto;"";"";50000;M5UXCR1;EUR;"";671
"";"";115;OREFICERIA ROMIO SRL;"";Borgo Casale, 60-Vicenza;36100;VI;02229590241;A00000;"";"";"";IT02229590241;"";"";"";0444 302405;"";"";"";"";"";"";"";"";"";"";"";"";"";"";1;"";"";"";"";"";"";"";"";"";oreficeriaromio@libero.it;"";"";"";"";"";"";"";"";POBFA;"";"";"";oreficeriaromio@libero.it;"";"";"";"";W7YVJK9;EUR;"";680
"";"";116;VICARI NICOLA & C. s.n.c.;"";via Tormeno, 30/33-VICENZA;36057;VI;00023140247;200000;"";"";"";IT00023140247;"";"";"";0444 530186;"";"";"";"";"";"";"";"";"";"";"";"";"";"";1;"";"";"";"";"";"";"";"";"";"";"";"";"";"";"";"";"";"";POBFA;"";"";"";"";"";"";"";"";0000000;EUR;"";""
"";"";117;CEGALIN SRL;"";via Tremmelin 10/12-GAMBUGLIANO;36050;VI;00177470242;200000;"";"";"";IT00177470242;"";"";"";0444 951622;"";"";"";"";"";"";"";"";"";"";"";"";"";"";1;"";"";"";"";"";"";"";"";"";"";"";"";"";"";"";"";"";"";POBFA;"";"";"";"";"";"";"";"";0000000;EUR;"";""
"";"";118;PROTESA S.p.a.;"";Via Ugo la Malfa, 24-IMOLA;40026;BO;02120631201;@7;"";"";"";IT02120631201;"";"";"";0542 011337;"";"";Federico Linguerri;"";"";"";"";"";"";"";"";"";"";"";1;"";"";"";"";"";"";"";"";"";info@protesa.net;"";"";"";"";"";"";"";"";POBFA;"";"";"";info@protesa.net;"";"";"";"";"";EUR;"";""
"";"";119;ITALIAN GOLD MFG. CO.;"";AL -QASTAL INDUSTRIAL CITY - PO BOX 61-tel:+962-6-402 6668-AMMAN - JORDAN;11636;"";"";200000;"";"";"";JO;"";"";"";+96264026668;"";"";"";"";"";"";"";"";96264026663;"";"";"";"";"";1;"";"";"";"";"";"";"";"";"";"";"";"";"";"";"";"";"";"";POBFA;"";"";"";"";"";"";"";"";XXXXXXX;"";"";""
"";"";120;AURO DOMUS d.o.o.;"";TOMETICI 1/D-KASTAV  CROAZIA;51215;"";HR46688992812;200000;"";"";"";HRHR46688992812;"";"";"";385 912736592;"";"";"";"";"";"";"";"";"";"";"";"";"";"";1;"";"";"";"";"";"";"";"";"";"";"";"";"";"";"";"";"";"";POBFA;"";"";"";"";"";"";"";"";XXXXXXX;"";"";""
"";"";121;MICROPNEUMATIC FDA & PHARMACEUTICAL;APPLICATIONS;via dell'Artigianato 34- LONGARE;36023;VI;02284140247;541032;"";"";"";IT02284140247;"";"";"";347-0491716;"";0859060410;347-0491716;"";"";"";"";"";0444349054;"";"";"";2,5;"";1;"";"";"";"";"";"";"";"";"";giovanni.carta@micropneumatic.it;"";"";"";"";"";"";"";"";POBFA;"";"";"";purchase@micropneumatic.it;"";"";"";"";KRRH6B9;EUR;"";687
"";"";122;FRAL srl;"";Via Zanella 235/F/G-MONTICELLO CONTE OTTO;36010;VI;02793610243;@7;"";"";"";IT02793610243;"";"";"";0444946164;"";"";"";"";"";"";"";"";"";"";"";"";"";"";1;"";"";"";"";"";"";"";"";"";tecnico@fralsrl.eu;"";"";"";"";"";"";"";"";POBFA;"";"";"";"";"";"";"";"";"";"";"";""
"";"";123;N2S S.R.L.;"";Via A. Fogazzaro 54/56-Cornedo Vicentino;36073;VI;03883570248;542332;"";UNICREDIT BANCA Agenzia Valdagno - C-so Italia;"";IT03883570248;"";"";"";0445-952800;"";0200860824;346.8540631;"";"";"";"";"";"";"";"";"";2,5;"";1;"";"";"";"";"";"";"";"";"";commerciale@dueessesrl.eu - info@dueessesrl.eu;000103212546;"";"";"";"";"";"";"";POBFA;"";IT89H0200860824000103212546;"";amministrazione@dueessesrl.eu;"";"";"";"";KRRH6B9;EUR;"";""
"";"";124;DAL SOGGIO S.r.l.;"";via A. Volta, 62-ZANE';36010;VI;00876640244;200000;"";"";"";IT00876640244;"";"";"";"";"";"";"";"";"";"";"";"";"";"";"";"";"";"";"";"";"";"";"";"";"";"";"";"";"";"";"";"";"";"";"";"";"";POBFA;"";"";"";"";"";"";"";"";0000000;EUR;"";""
"";"";125;QUEEN GIOIELLI snc di Beverari Mirko &;C.;C.so Milano, 62/A-VERONA;37138;VR;03658670231;A00000;"";"";"";IT03658670231;"";"";"";045 8186066;"";"";"";"";"";"";"";"";"";"";"";"";"";"";1;"";"";"";"";"";"";"";"";"";"";"";"";"";"";"";"";"";"";POBFA;"";"";"";"";"";"";"";"";0000000;EUR;"";""
"";"";126;QUATTRO B S.r.l.;"";via Capovilla, 51-TRISSINO;36070;VI;01915720245;581032;"";"";"";IT01915720245;"";"";"";0445 962086;"";"";"";"";"";"";"";"";"";"";"";"";2,5;"";1;"";"";"";"";"";"";"";"";"";"";"";"";"";"";"";"";"";"";POBFA;"";"";"";"";"";"";"";"";0000000;EUR;"";""
"";"";127;REPELE IVANO MIRCO SRL unipersonale;"";via Galvani 15/b-VALDAGNO;36078;VI;03240310247;200000;"";"";"";IT03240310247;"";"";"";"";"";"";"";"";"";"";"";"";"";"";"";"";"";"";"";"";"";"";"";"";"";"";"";"";"";"";"";"";"";"";"";"";"";POBFA;"";"";"";"";"";"";"";"";0000000;EUR;"";""
"";"";128;SAEG Srl;"";Corso Giuseppe Di Vittorio, 51-Vigevano;27029;PV;01137440184;"";"";"";"";IT01137440184;"";"";"";0381 76350;"";"";"";"";"";"";"";"";"";"";"";"";"";"";1;"";"";"";"";"";"";"";"";"";"";"";"";"";"";"";"";"";"";POBFA;"";"";"";"";"";"";"";"";M5UXCR1;EUR;"";""
"";"";129;ZILIO INDUSTRIES SPA;"";loc.Friola - Via Segavecchia, 65-POZZOLEONE;36050;VI;03818300281;541032;"";INTESA SANPAOLO SPA Carmignano di Brenta;"";IT03818300281;"";"";"";049 595 7552;"";0306962471;"";"";"";"";"";"";0424 72709;"";"";"";"";"";1;"";"";"";"";"";"";"";"";"";"";"";"";"";"";"";"";"";"";POBFA;"";IT63Y0306962471100000002002;"";raffaella_bordignon@bmifw.com;"";"";"";"";J6URRTW;EUR;"";""
"";"";130;Rizzi Creazioni Artistiche;"";Via per Marco, 20-ROVERETO;38068;TN;"";@2;"";"";"";IT02305360220;"";"";"";0464 943300;"";"";Sig.Corrado Rizzi;"";"";"";"";"";0464 943300;"";"";"";"";"";1;"";"";"";"";"";"";"";"";"";laboratorio@rizzionline.it - info@rizzionline.it;"";"";"";"";"";"";"";"";POBFA;"";"";"";"";"";"";"";"";"";EUR;"";""
"";"";131;PATROS S.r.l.;"";Via Girardina, 2-SANDRIGO;36066;VI;03483570242;@2;"";"";"";IT03483570242;"";"";"";0444-145 6463;"";"";"";"";"";"";"";"";"";"";"";"";"";"";1;"";"";"";"";"";"";"";"";"";info@patrosgioielli.com;"";"";"";"";"";"";"";"";POBFA;"";"";"";"";"";"";"";"";A4707H7;EUR;"";""
"";"";132;FERRARA METALLI PREZIOSI S.r.l.;"";Via Foro Boario, 11-FERRARA;4412x;FE;"";@2;"";"";"";IT01935880383;"";"";"";"";"";"";348-3956434;"";"";"";"";"";"";"";"";"";"";"";"";"";"";"";"";"";"";"";"";"";andrea.zironi@gmail.com;"";"";"";"";"";"";"";"";POBFA;"";"";"";"";"";"";"";"";M5UXCR1;EUR;"";""
"";"";133;M.B.A. F.lli LANDI S.R.L.;"";via di Meleto, 1- int.13/15/17-STRADA IN CHIANTI;50027;FI;00538440488;542332;"";MONTI PASCHI SIENA  ag. Antella;"";IT00538440488;"";"";"";055 8547372;"";0103002869;"";"";"";"";"";"";"";"";F#22;"";2,5;"";1;"";"";"";"";"";"";"";"";"";"";"";"";"";"";"";"";"";"";POBFA;"";"";"";centralino@mbalandi.it;"";"";"";"";USAL8PV;EUR;"";""
"";"";134;M.A.G. Meccanica Srl;"";Via dell'Artigianato, 17-San Vito di Leguzzano;36030;VI;02189190248;541032;"";BANCA DEL VENETO CENTRALE;"";IT02189190248;"";"";"";0445-519490;"";0859060750;Enrico Dal Zotto;"";"";"";"";"";"";"";"";"";2,5;"";1;"";"";"";"";"";"";"";"";"";info@magmeccanica.it;056000783140;"";"";"";"";"";"";"";POBFA;"";IT36T0859060750056000783140;CCRTIT2TBCV;giulia@magmeccanica.it;"";"";mag@pec.magmeccanica.it;"";KRRH6B9;EUR;"";669
"";"";135;TST srl;"";via F. Filzi, 62-CREAZZO loc. Olmo;36051;VI;02580570246;562332;"";UNICREDIT BANCA ag. di Creazzo n.121;"";IT02580570246;"";"";"";0444 349609;"";0200860350;"";"";"";"";"";"";"";"";"";"";2,5;"";1;"";"";"";"";"";"";"";"";"";tst.srl@libero.it;"";"";"";"";"";"";"";"";POBFA;"";IT57O0200860350000010254581;"";tst.srl@libero.it;"";"";"";"";M5UXCR1;"";"";""
"";"";136;DRS ITALIA di Roso Stefano;"";via L. da Vinci, 32-TORREBELVICINO;36036;VI;RSOSFN68H24I531A;200000;"";"";"";IT03598230245;"";"";"";0445 517595;"";"";"";"";"";"";"";"";"";"";"";"";"";"";1;"";"";"";"";"";"";"";"";"";"";"";"";"";"";"";"";"";"";POBFA;"";"";"";"";"";"";"";"";0000000;EUR;"";""
"";"";137;SOFFIO STAMP SRL;"";via dell'Artigianato, 48-BOLZANO VICENTINO;36050;VI;02715370249;541032;"";UNICREDIT BANCA SPA Agenzia Vicenza - Corso Padova;"";IT02715370249;"";"";"";0444 350510;"";0200811802;Roberto Beggio;"";"";"";"";"";"";"";"";"";2,5;"";1;"";"";"";"";"";"";"";"";"";commerciale@soffiostamp.it;000015227572;"";"";"";"";"";"";"";POBFA;"";IT91M0200811802000015227572;"";amministrazione@soffiostamp.it;"";"";"";"";T8U85V9;EUR;"";""
"";"";138;SISMA S.p.A.;"";via dell'Industria, 1-PIOVENE ROCCHETTE;36013;VI;01272440247;561032;"";BANCA NAZIONALE DEL LAVORO SCHIO;"";IT01272440247;"";"";"";0445 595532;"";0100560750;NINA GENTSER;"";"";"";"";"";0445 595511;"";"";"";2,5;"";1;"";"";"";"";"";"";"";"";"";invoice@sisma.com;"";"";"";"";"";"";"";"";POBFA;"";IT85F0100560750000000000019;"";invoice@sisma.com;"";"";"";"";C1QQYZR;EUR;"";""
"";"";139;TECNOMODEL snc di Toniato Andrea & C.;"";via Zamenhof, 22-VICENZA;36100;VI;02799820242;A00000;"";"";"";IT02799820242;"";"";"";0444 918000;"";"";"";"";"";"";"";"";"";"";"";"";"";"";1;"";"";"";"";"";"";"";"";"";info@tecnomodel-italia.it;"";"";"";"";"";"";"";"";POBFA;"";"";"";info@tecnomodel-italia.it;"";"";"";"";0000000;EUR;"";""
"";"";140;RANCANGELO S.r.l.;"";via Lampertico Marzotto,30-TRISSINO;36070;VI;00163870249;541032;"";"";"";IT00163870249;"";"";"";0445-962061;"";0200860530;"";"";"";"";"";"";"";"";"";"";2,5;"";1;"";"";"";"";"";"";"";"";"";"";"";"";"";"";"";"";"";"";POBFA;"";"";"";elena@rancangelo.com;"";"";"";"";SUBM70N;EUR;"";""
"";"";141;FISA Italia Srl;"";Via della Tecnica, 13-Montecchio Maggiore;36075;VI;03563430242;@2;"";INTESA Filiale di Montecchio Maggiore;"";IT03563430242;"";"";"";0444 695000;"";0306960538;"";"";"";"";"";"";"";"";"";"";"";"";1;"";"";"";"";"";"";"";"";"";"";100000003616;"";"";"";"";"";"";"";POBFA;"";IT10D0306960538100000003616;"";"";"";"";"";"";DXEBYTP;EUR;"";""
"";"";142;L.M.N. srl Laser Macchine Network;"";via Olivetti 8/A-SALASSA;10080;TO;11151150015;B42300;"";"";"";IT11151150015;"";"";"";"";"";"";"";"";"";"";"";"";"";"";"";"";"";"";"";"";"";"";"";"";"";"";"";"";"";"";"";"";"";"";"";"";"";POBFA;"";"";"";amministrazione@laserlmn.com;"";"";"";"";W7YVJK9;EUR;"";""
"";"";143;O.M.V. snc di Vivian Egidio & C.;"";Via A.Viviani n.30-BASSANO DEL GRAPPA;36061;VI;01826880245;"";"";"";"";IT01826880245;"";"";"";0424 590528;"";"";Parise Federico;"";"";"";"";"";"";"";"";"";"";"";1;"";"";"";"";"";"";"";"";"";info@omvstampi.it;"";"";"";"";"";"";"";"";POBFA;"";"";"";"";"";"";"";"";"";EUR;"";""
"";"";144;GIOIELLO ITALIA SNC;"";Strada Paradiso, 103-VICENZA;36100;VI;03924510245;200000;"";"";"";IT03924510245;"";"";"";0444 914 265;"";"";Sig.Claudio;"";"";"";"";"";"";"";"";"";"";"";1;"";"";"";"";"";"";"";"";"";info@gioielloitalia.com;"";"";"";"";"";"";"";"";POBFA;"";"";"";info@gioielloitalia.com;"";"";"";"";T9U85V9;EUR;"";""
"";"";145;OROMECANICA;"";Chemin Tertiaire 1029 - Zone Industrielle Sidi Maarouf-CASABLANCA - MAROCCO;20190;"";"";000000;90;"";"";MA00000000000;"";"";"";0021222335917;"";"";"";"";"";"";"";"";"";"";"";"";"";"";1;"";"";"";"";"";"";"";"";"";"";"";"";"";"";"";"";"";"";POBFA;"";"";"";"";"";"";"";"";XXXXXXX;EUR;"";""
"";"";146;Daikin Applied Europe S.p.A.;""; Via G. Ferrari, 31/33-VICENZA;36100;VI;04878860586;000000;"";"";"";IT01318801006;"";"";"";0444 148 7055;"";"";Matteo Tomasini;"";"";"";"";"";"";"";"";"";"";"";1;"";"";"";"";"";"";"";"";"";m.tomasini@daikinapplied.eu;"";"";"";"";"";"";"";"";POBFA;"";"";"";"";"";"";dae@pec.daikinapplied.eu;"";"";EUR;"";""
"";"";147;CERESATO GIOIELLI SRL;"";via IV Novembre, 15- ZERMEGHEDO;36050;VI;02750310241;542332;"";"";"";IT02750310241;"";"";"";               0444 686122;"";0200860122;"";"";"";"";"";"";"";"";"";"";2,5;"";1;"";"";"";"";"";"";"";"";"";info@ceresatogioielli.com;"";"";"";"";"";"";"";"";POBFA;"";"";"";amministrazione@ceresatogioielli.com;"";"";"";"";0000000;EUR;"";""
"";"";148;TRE-S SRL;"";Via del Progresso, 26-SOVIZZO;36050;VI;02505070249;A00000;"";"";"";IT02505070249;"";"";"";0444-551224;"";"";"";"";"";"";"";"";"";"";"";"";"";"";1;"";"";"";"";"";"";"";"";"";tre-s@tre-s-snc.it;"";"";"";"";"";"";"";"";POBFA;"";"";"";benedetta.ziliotto@tre-s-srl.it;"";"";"";"";USAL8PV;EUR;"";""
"";"";149;Fotoceramica SARTORI AUGUSTO & figli snc;di Sartori Simone; viale Riviera Berica 719-VICENZA;36100;VI;02201760242;A00000;"";"";"";IT02201760242;"";"";"";0444 240345;"";"";"";"";"";"";"";"";"";"";"";"";"";"";1;"";"";"";"";"";"";"";"";"";info@fotoceramica.it;"";"";"";"";"";"";"";"";POBFA;"";"";"";info@fotoceramica.it;"";"";"";"";0000000;EUR;"";""
"";"";150;EURO MECCANICA PREZIOSI SRL;"";Via Zamenhof, 431-VICENZA;36100;VI;02706510241;A00000;"";"";"";IT02706510241;"";"";"";0444 914590;"";"";Marilisa Riello;"";"";"";"";"";"";"";"";"";"";"";1;"";"";"";"";"";"";"";"";"";info@euromep.com;"";"";"";"";"";"";"";"";POBFA;"";"";"";info@euromep.com;"";"";"";"";SUBM70N;EUR;"";""
"";"";151;MAGATTI GAETANO;"";Via Gorio, 17-COMO;22100;CO;MGTGTN41L04C933X;200000;"";"";"";IT00;"";"";"";3483626671;"";"";GAETANO MAGATTI;"";"";"";"";"";"";"";"";"";"";"";1;"";"";"";"";"";"";"";"";"";gaetano@magatti.it;"";"";"";"";"";"";"";"";POBFA;"";"";"";"";"";"";"";"";0000000;EUR;"";""
"";"";152;ELIMA SRL;"";via Zamenhof, 100 int 14-VICENZA;36100;VI;03389650247;581032;"";BANCA INTESA SAN PAOLO;"";IT03389650247;"";"";"";0444 910602;"";"";"";"";"";"";"";"";"";"";"";"";2,5;"";1;"";"";"";"";"";"";"";"";"";"";"";"";"";"";"";"";"";"";POBFA;"";"";"";"";"";"";"";"";0000000;EUR;"";""
"";"";153;LOMA s.n.c. di De Mola C. & C.;"";Viale Dolomiti, 54/Q-Ponte nelle Alpi;32014;BL;00936650258;@7;"";Unicredit Banca Filiale di V. V. Veneto - Belluno;"";IT00936650258;"";"";"";3939576130;"";0200811902;"";"";"";"";"";"";"";"";"";"";"";"";1;"";"";"";"";"";"";"";"";"";byloma@legalmail.it;000104736366;"";"";"";"";"";"";"";POBFA;"";IT75Z0200811902000104736366;"";"";"";"";"";"";KRRH6B9;EUR;"";""
"";"";154;PIETRO LANDI Snc di Gianmarco e Fausto;Forni;Via Pavia, 9/11-San Giuliano Miilanese;20098;MI;01540830153;541032;"";BANCO DESIO AG. 320 MILANO RIPAMONTI;"";IT01540830153;"";"";"";02 9828 2209;"";0344001606;Pietro Landi;"";"";"";"";"";CELL;"";"";"";"";"";1;"";"";"";"";"";"";"";"";"";pietrolandi1897@gmail.com;146800;"";"";"";"";"";"";"";POBFA;"";"";"";"";"";"";"";"";"";EUR;"";""
"";"";155;IMMAGINE D'ORO SRL;"";via Zamenhoff, 637-VICENZA;36100;VI;03410300242;200000;"";"";"";IT03410300242;"";"";"";"";"";"";"";"";"";"";"";"";"";"";"";"";"";"";"";"";"";"";"";"";"";"";"";"";"";"";"";"";"";"";"";"";"";POBFA;"";"";"";"";"";"";"";"";0000000;EUR;"";""
"";"";156;V.P. STAMPI srl;"";via G.Villeneuve, 7-ISOLA VICENTINA;36033;VI;02626640243;B61000;"";"";"";IT02626640243;"";"";"";0444 586433;"";0880760430;"";"";"";"";"";"";"";"";"";"";2,5;"";1;"";"";"";"";"";"";"";"";"";"";"";"";"";"";"";"";"";"";POBFA;"";"";"";uffamm@vpstampi.it;"";"";"";"";M5UXCR1;EUR;"";""
"";"";157;TECNOPLANET S.a.s. di Diego Ferrari& C.;"";via Calzecchi, 3-MILANO;20133;MI;12095420159;B41000;"";"";"";IT12095420159;"";"";"";339-3175295;"";"";"";"";"";"";"";"";"";"";"";"";"";"";1;"";"";"";"";"";"";"";"";"";tecnoplanet.diegoferrari@pec.it;"";"";"";"";"";"";"";"";POBFA;"";"";"";tecnoplanet.diegoferrari@pec.it;"";"";"";"";M5UXCR1;EUR;"";""
"";"";158;VI-COSMETIC SRL;"";Via Raffaello Sanzio, 18/20-LONATE CEPPINO;21050;VA;"";A00000;"";BPER BANCA TRADATE;"";IT03748660127;"";"";"";0331-1121415;"";"";"";"";"";"";"";"";"";"";F#579;"";"";"";1;"";"";"";"";"";"";"";"";"";info@vi-cosmetic.com;"";"";"";"";"";"";"";"";POBFA;"";IT51O0538750580000042451739;"";"";"";"";vi-cosmeticsrl@pec.it;"";0000000;EUR;"";""
"";"";159;STEMAT Srl;"";Via della Meccanica,18-Vicenza;36100;VI;03035000235;@7;"";"";"";IT03035000235;"";"";"";0445-1744951;"";"";"";"";"";"";"";"";"";"";"";"";"";"";1;"";"";"";"";"";"";"";"";"";"";"";"";"";"";"";"";"";"";POBFA;"";"";"";"";"";"";"";"";KRRH6B9;EUR;"";""
"";"";160;P-RS GROUP SP. Z O.O.;"";Via Ignacego Moscickiego 1-Pulawy;24-100;"";"";@3;89;"";"";PL7162829525;"";"";"";+48 796-548-122;"";"";"";"";"";"";"";"";"";"";"";"";"";"";1;"";"";"";"";"";"";"";"";"";"";"";"";"";"";"";"";"";"";POBFA;"";"";"";"";"";"";"";"";"";"";"";""
"";"";161;CHIMENTO ORO S.r.l.;"";via XX Settembre, 48-CAMISANO VICENTINO;36043;VI;"";B42300;22;"";"";IT03994560245;"";"";"";0444 418418;"";0708412000;"";"";"";"";"";"";3292625520;"";"";"";"";"";1;"";"";"";"";"";"";"";"";"";s.boaretto@chimento.it;"";"";"";"";"";"";"";"";POBFA;"";IT64A0708412000027002811964;"";s.boaretto@chimento.it;"";"";"";"";A4707H7;"";"";""
"";"";162;MURARO LORENZO S.p.A.;"";via Pasubio 51/53-OLMO DI CREAZZO;36051;VI;00462480245;541032;"";"";"";IT00462480245;"";"";"";"";"";"";"";"";"";"";"";"";"";"";"";"";2,5;"";"";"";"";"";"";"";"";"";"";"";"";"";"";"";"";"";"";"";"";POBFA;"";"";"";"";"";"";"";"";A4707H7;EUR;"";""
"";"";163;DRAGINVEST LLC;"";Vladimir region,ul.Lenina d122 - p.2 , Petushinskiy district-POKROV - RUSSIA;601120;"";"";200000;"";"";"";RU;"";"";"";"";"";"";"";"";"";"";"";"";"";"";"";"";"";"";"";"";"";"";"";"";"";"";"";"";"";"";"";"";"";"";"";"";"";POBFA;"";"";"";"";"";"";"";"";XXXXXXX;EUR;"";""
"";"";164;LA QUINTA STAGIONE SPA;"";via dei Molini, 129-VICENZA;36100;VI;01896620240;200000;"";"";"";IT01896620240;"";"";"";0444 252901;"";"";"";"";"";"";"";"";"";"";"";"";"";"";1;"";"";"";"";"";"";"";"";"";"";"";"";"";"";"";"";"";"";POBFA;"";"";"";"";"";"";"";"";0000000;EUR;"";""
"";"";165;PERTEGATO S.r.l.;"";via Piazzola, 15-CAMISANO VICENTINO;36043;VI;02792140242;B41000;"";"";"";IT02792140242;"";"";"";0444/411038;"";"";"";"";"";"";"";"";0444/410145;"";"";"";"";"";1;"";"";"";"";"";"";"";"";"";pertegato@pertegato.net;"";"";"";"";"";"";"";"";POBFA;"";"";"";pertegato@pertegato.net;"";"";"";"";0000000;EUR;"";""
"";"";166;SIDERMARINE S.r.l.;"";Via San Lorenzo 3/c-BARI;70124;BA;07549120728;"";"";"";"";IT07549120728;"";"";"";080.5354837;"";"";Liantonio Ida;"";"";"";"";"";"";"";"";"";"";"";1;"";"";"";"";"";"";"";"";"";info@sidermarine.com;"";"";"";"";"";"";"";"";POBFA;"";"";"";"";"";"";"";"";"";EUR;"";""
"";"";167;ACCETTINI srl;"";Via Sante Ferroli, 2-SAN BONIFACIO;37047;VR;04548620238;B41000;"";01-BANCA DEL VENETO CENTRALE;"";IT04548620238;"";"";"";045 485 8017;"";0503459320;"";"";"";"";"";"";"";"";"";"";"";"";1;"";"";"";"";"";"";"";"";"";info@accettini.it;000000002406;"";"";"";"";"";"";"";POBFA;"";IT15V0503459320000000002406;"";amministrazione@accettini.it;"";"";accettini@pec.it;"";M5UXCR1;EUR;"";673
"";"";168;LA NOBLESSE di Panzoldo Marco;"";via Rio Cardano, 122-ARCUGNANO;36057;VI;PNZMRC68E29L840V;A00000;"";"";"";IT02712340245;"";"";"";0444 288678;"";"";"";"";"";"";"";"";"";"";"";"";"";"";1;"";"";"";"";"";"";"";"";"";info@lanoblesse.it;"";"";"";"";"";"";"";"";POBFA;"";"";"";"";"";"";"";"";"";EUR;"";""
"";"";169;AZ GROUP S.r.L.;"";via Gorizia, 9-MARANO VICENTINO;36035;VI;04145640241;542332;"";"";"";IT04145640241;"";"";"";013721540;"";"";"";"";"";"";"";"";"";"";"";"";2,5;"";1;"";"";"";"";"";"";"";"";"";info@azgroupsrl.com;"";"";"";"";"";"";"";"";POBFA;"";"";"";"";"";"";"";"";0000000;EUR;"";""
"";"";170;MAURITECH SRL;"";Via del Lavoro, 32-TRISSINO;36070;VI;03356620249;"";"";UNICREDIT AG.ARZIGNANO;"";IT03356620249;"";"";"";0445 491191;"";0200860122;"";"";"";"";"";"";"";"";"";"";"";"";1;"";"";"";"";"";"";"";"";"";mauritech@mauritech.it;000040791718;"";"";"";"";"";"";"";POBFA;"";IT85M0200860122000010791718;"";amministrazione@mauritech.it;"";"";"";"";SUBM70N;EUR;"";""
"";"";171;TECNOCIENNE S.R.L. S.;"";Via Einaudi, 55-Piazzola sul Brenta;35016;PD;05284000287;A00000;"";"";"";IT05284000287;"";"";"";049 9070182;"";"";Sig.Cristiano;"";"";"";"";"";"";"";"";"";"";"";1;"";"";"";"";"";"";"";"";"";info@tecnocienne.it;"";"";"";"";"";"";"";"";POBFA;"";"";"";segreteria@tecnocienne.it;"";"";"";"";KRRH6B9;EUR;"";""
"";"";173;Blulab Corp.Trust;"";Via Villaggio Europa, 258-Bassano del Grappa;36061;VI;91059450246;"";"";"";"";IT;"";"";"";"";"";"";"";"";"";"";"";"";"";"";"";"";"";"";"";"";"";"";"";"";"";"";"";"";"";"";"";"";"";"";"";"";"";POBFA;"";"";"";"";"";"";"";"";"";EUR;"";""
"";"";174;VI.VA. GIOIELLI S.r.l.;"";Via Marze 45\47-Romano d'Ezzelino;36060;VI;03275690240;@2;"";INTESA SAN PAOLO AG. CASSOLA - VI -;"";IT03275690240;"";"";"";0424.36931;"";0306960260;"";"";"";"";"";"";"";"";"";"";"";"";1;"";"";"";"";"";"";"";"";"";factory@vivagioielli.com;100000003012;"";"";"";"";"";"";"";POBFA;"";IT81Q0306960260100000003012;"";factory@vivagioielli.com;"";"";"";"";SUBM70N;EUR;"";""
"";"";175;BICAMA di Bilato Filippo;"";Via Bragni, 93/E-CADONEGHE;35010;PD;BLTFPP83L28G224N;A00000;"";BCC Roma Ag. Vigodarzere;"";IT04617080280;"";"";"";049-7968510;"";0832763090;"";"";"";"";"";"";"";"";"";"";"";"";1;"";"";"";"";"";"";"";"";"";bicamaitaly@bicama.it;"";"";"";"";"";"";"";"";POBFA;"";"";"";bicamaitaly@bicama.it;"";"";bicama.bilatofilippo@pec.it;"";J6URRTW;EUR;"";""
"";"";176;POLIDORO SPA;"";via Lago di Misurina, 76 Z.I.-SCHIO;36015;VI;02907940247;B61000;"";02-BANCO BPM S.P.A.;"";IT02907940247;"";"";"";0445 678678;"";"";"";B. Z. SRL - All'attenzione del Sig.Matteo Arsego;"";"";"";"";"";"";"";"";"";"";1;Via dell’Artigianato,15-15/A - 36020 Villaga (VI);"";"";"";"";"";"";"";"";"";"";"";"";"";"";"";"";"";POBFA;"";"";"";amministrazione@polidoro.com;Veneto;"";"";"";0000000;"";"";684
"";"";177;LORENZATO s.r.l.;"";via Sette, 52-CALDOGNO;36030;VI;00910890243;542332;80;INTESA SAN PAOLO  SPA Filiale di Caldogno (VI);"";IT00910890243;"";"";"";0444 905365;"";0306960211;"";"";25122213364166552-000001 D:22/12/25;"";"";"";"";"";"";"";"";"";1;"";"";"";"";"";"";"";"";"";"";J100000000525;"";01/01/2026;31/12/2026;"";"";"";"";POBFA;"";IT74J0306960211100000000525;BCITITMM;info@lorenzato.com;"";"";"";20000;5RUO82D;EUR;"";""
"";"";178;BMI  Srl;"";via Gazzo, 42-Pianezze San Lorenzo;36060;VI;01262080243;541032;"";BANCA SAN GIORGIO QUINTO VALLE AGNO - CREDITO COOPERATIVO -;"";IT01262080243;"";"";"";0424 72709;"";0880788370;"";"";"";"";"";"";"";"";"";"";"";"";1;"";"";"";"";"";"";"";"";"";"";1262080243;"";"";"";"";"";"";"";POBFA;"";"";"";raffaella_bordignon@bmifw.com;"";"";"";"";J6URRTW;EUR;"";""
"";"";179;RAMO SRL;"";VIA FAEDIS 8-POVOLETTO;33040;UD;02638800306;"";"";"";"";IT02638800306;"";"";"";0432-679194;"";"";Nicola Bordignon;"";"";"";"";"";"";"";"";"";"";"";1;"";"";"";"";"";"";"";"";"";"";"";"";"";"";"";"";"";"";POBFA;"";"";"";"";"";"";ramosrl@legalmail.it;"";"";EUR;"";""
"";"";180;OPEN MIND SOLUTION snc;"";via dei Cedri 18-TORRI DI QUARTESOLO;36040;VI;03853360240;541032;"";"";"";IT03853360240;"";"";"";32811547116;"";"";"";"";"";"";"";"";"";"";"";"";2,5;"";1;"";"";"";"";"";"";"";"";"";"";"";"";"";"";"";"";"";"";POBFA;"";"";"";"";"";"";"";"";0000000;EUR;"";""
"";"";181;GRISTE S.R.L.;"";via Irpinia, 57-PADOVA;35020;PD;00465750287;B42300;"";"";"";IT00465750287;"";"";"";049 8790716;"";"";"";"";"";"";"";"";"";"";"";"";"";"";1;"";"";"";"";"";"";"";"";"";"";"";"";"";"";"";"";"";"";POBFA;"";"";"";"";"";"";"";"";SUBM70N;EUR;"";""
"";"";182;Elco Elettrocostruzioni s.r.l.;"";Via Meucci, n.35-BRENDOLA;36040;VI;03311730240;200000;"";"";"";IT03311730240;"";"";"";0444911881;"";"";"";"";"";"";"";"";348-9349511;"";"";"";"";"";1;"";"";"";"";"";"";"";"";"";info@elcorelais.it;"";"";"";"";"";"";"";"";POBFA;"";"";"";info@elcorelais.it;"";"";"";"";USAL8PV;EUR;"";""
"";"";183;LABRENTA SRL;"";Via dell'Innovazione, 2-BREGANZE;36042;VI;02454560240;541032;"";BANCO POPOLARE;"";IT02454560240;"";"";"";0445 873382;"";0503411808;"";"";"";"";"";"";"";"";"";"";2,5;"";1;"";"";"";"";"";"";"";"";"";"";000000000666;"";"";"";"";"";"";"";POBFA;"";"";"";"";"";"";"";"";0000000;"";"";""
"";"";184;PIPPOWHEELS SRL;"";via S. Venier 15-VICENZA;36100;VI;00880300249;B42300;"";BANCA INTESA SAN PAOLO  AG 10;"";IT00880300249;"";"";"";0444 532052;"";"";"";"";"";"";"";"";"";"";"";"";"";"";1;"";"";"";"";"";"";"";"";"";"";"";"";"";"";"";"";"";"";POBFA;"";"";"";"";"";"";"";"";0000000;EUR;"";""
"";"";185;"JLLC Jewellery factory ""ZORKA""";"";Shabany-Novodvorskiy s/s,71/1 - Minskiy rayon-Minskaya oblast-223016   REPUBBLIC;"";"";"";200000;"";"";"";RU;"";"";"";+ 375 17 3444420;"";"";"";"";"";"";"";"";"";"";"";"";"";"";1;"";"";"";"";"";"";"";"";"";"";"";"";"";"";"";"";"";"";POBFA;"";"";"";"";"";"";"";"";XXXXXXX;"";"";""
"";"";186;TERMOPLAST S.r.l.;"";Via Papa Giovanni XXIII nr. 79-REZZATO;25086;BS;02932670983;A00000;"";"";"";IT02932670983;"";"";"";0302122035;"";"";"";"";"";"";"";"";"";"";"";"";"";"";1;"";"";"";"";"";"";"";"";"";amministrazione@termoplastsrl.com;"";"";"";"";"";"";"";"";POBFA;"";"";"";amministrazione@termoplastsrl.com;"";"";"";"";J6URRTW;EUR;"";""
"";"";187;CAMPORA SRL - Costruzione e commercio;macchine utensili;VIA VOGHERA 38/A-TORRAZZA COSTE;27050;PV;01937940185;A00000;"";"";"";IT01937940185;"";"";"";0383 377047;"";"";"";"";"";"";"";"";"";"";"";"";"";"";1;"";"";"";"";"";"";"";"";"";camporasrl@gmail.com;"";"";"";"";"";"";"";"";POBFA;"";"";"";amministrazione.campora@gmail.com;"";"";camporasrl@pec.buffetti.it;"";3ZJY534;EUR;"";""
"";"";188;TGV ITALIA SRL;"";Via Capitello, 3-LUGAGNANO DI SONA;37060;VR;02559290271;A00000;"";"";"";IT02559290271;"";"";"";045-868 0410;"";"";Davide Murador;"";"";"";"";"";"";"";"";"";"";"";1;"";"";"";"";"";"";"";"";"";info@tgvitalia.com;"";"";"";"";"";"";"";"";POBFA;"";"";"";"";"";"";"";"";M5UXCR1;EUR;"";""
"";"";189;INCISORIA BORGATTI di Borgatti Matteo;"";Via Buttieri N.25-RENAZZO;44045;FE;01991020387;@2;"";"";"";IT01991020387;"";"";"";051.909398;"";"";"";"";"";"";"";"";"";"";"";"";"";"";1;"";"";"";"";"";"";"";"";"";incisori@gmail.com;"";"";"";"";"";"";"";"";POBFA;"";"";"";"";"";"";"";"";"";"";"";""
"";"";190;MOKSHA S.r.l.;"";via Landini, 103 - zona Ind.le-MARNATE;21050;VA;02915920124;@10;"";"";"";IT02915920124;"";"";"";0331644353;"";"";"";"";"";"";"";"";"";"";"";"";"";"";1;"";"";"";"";"";"";"";"";"";amministrazione@mokshasrl.it;"";"";"";"";"";"";"";"";POBFA;"";"";"";fornitori@mokshasrl.it;"";"";"";"";0000000;EUR;"";""
"";"";191;RASOTTO UMBERTO & C. snc;"";Via G. Ferrari, 56-Vicenza;36100;VI;00430010249;A00000;"";"";"";IT00430010249;"";"";"";0444533119;"";"";"";"";"";"";"";"";"";"";"";"";"";"";1;"";"";"";"";"";"";"";"";"";rasotto73@libero.it;"";"";"";"";"";"";"";"";POBFA;"";"";"";info@argenteriarasotto.com;"";"";"";"";0000000;EUR;"";""
"";"";192;Meccanica Di Precisione Bordignon;Stefano;Via A.De Gasperi 77/C-Cassola;36022;VI;BRDSFN83H18A703V;A00000;"";"";"";IT03362800249;"";"";"";0424 534 470;"";"";"";"";"";"";"";"";0424 534 483;"";F#22;"";"";"";1;"";"";"";"";"";"";"";"";"";info@meccanicabordignon.it;"";"";"";"";"";"";"";"";POBFA;"";"";"";amministrazione@meccanicabordignon.it;"";"";"";"";EH1R83N;EUR;"";""
"";"";193;I.C.U.M. S.a.s.;"";via Pacinotti, 18/20-MALO;36034;VI;00728820242;A00000;22;"";"";IT00728820242;"";"";"";0445 602727;"";"";"";"";"";"";"";"";"";"";"";"";"";"";1;"";"";"";"";"";"";"";"";"";"";"";"";"";"";"";"";"";"";POBFA;"";"";"";icum@icum-tools.it;"";"";"";"";T9K4ZHO;EUR;"";""
"";"";194;LS Progetti S.a.s. di Sinico Luca & C.;"";Via Lazio, 9-Montecchio Maggiore;36075;VI;04124900244;541032;"";"";"";IT04124900244;"";"";"";347-8173152;"";"";Luca Sinico;"";"";"";"";"";"";"";"";"";"";"";1;"";"";"";"";"";"";"";"";"";lsprogetti@gmail.com;"";"";"";"";"";"";"";"";POBFA;"";"";"";"";"";"";"";"";M5UXCR1;EUR;"";""
"";"";195;NOVELLINI SPA;"";Stabilimento n. 7 via Petrarca, 149-ROMANONE  -MANTOVA;46030;MN;"";200000;"";"";"";IT00690100201;"";"";"";"";"";"";"";"";"";"";"";"";"";"";"";"";"";"";"";"";"";"";"";"";"";"";"";"";"";"";"";"";"";"";"";"";"";POBFA;"";"";"";"";"";"";"";"";0000000;EUR;"";""
"";"";196;MECCANICA LIBANORI S.R.L.;"";Via del progresso n° 37-Castegnero;36020;VI;"";"";"";"";"";IT04155540240;"";"";"";0444639377;"";"";"";"";"";"";"";"";"";"";"";"";"";"";1;"";"";"";"";"";"";"";"";"";acquisti@meccanicalibanori.com;"";"";"";"";"";"";"";"";POBFA;"";"";"";amministrazione@meccanicalibanori.com;"";"";"";"";"";EUR;"";""
"";"";197;CRISTALE S.R.L.;"";via E. Fermi, 253-VICENZA;36100;VI;02799970245;561032;"";BANCA CREDEM;"";IT02799970245;"";"";"";0444/532042;"";0303211801;"";"";"";"";"";"";"";"";"";"";2,6;"";1;"";"";"";"";"";"";"";"";"";info@cristale.it;"";"";"";"";"";"";"";"";POBFA;"";IT27R0303211801010000111717;BACRIT21129;info@cristale.it;"";"";"";"";SUBM70N;EUR;"";""
"";"";198;ARM Emblems Srl;"";via Felice Casati, 20-MILANO;20124;MI;09559360962;B61000;"";"";"";IT09559360962;"";"";"";02 9501630;"";"";"";"";"";"";"";"";34591812408;2;F#401;"";"";"";1;"";"";"";"";"";"";"";"";"";anna.ursino@armemblems.com;"";"";"";"";"";"";"";"";POBFA;"";"";"";anna.ursino@armemblems.com;"";"";"";"";0000000;EUR;"";""
"";"";199;SCHIAVON SISTEMI SRL;"";Via Silvio Pellico, 3/A-PADOVA;35129;PD;00272750282;200000;"";"";"";IT00272750282;"";"";"";049 772518;"";"";"";"";"";"";"";"";"";"";"";"";"";"";1;"";"";"";"";"";"";"";"";"";info@schiavonsistemi.it;"";"";"";"";"";"";"";"";POBFA;"";"";"";"";"";"";"";"";"";EUR;"";""
"";"";200;SIGIMEC SRL;"";Via brigata Stella, 7B/C-Montecchio Maggiore;36075;VI;02275660245;541032;"";BANCO DI BRESCIA SAN PAOLO CAB SPA - VICENZA;"";IT02275660245;"";"";"";0444 551390;"";0350011800;Giorgio Signorato;"";"";"";"";"";337 487367;"";"";"";2,6;"";1;"";"";"";"";"";"";"";"";"";info@sigimec.com;"";"";"";"";"";"";"";"";POBFA;"";IT46N0350011800000000003871;"";info@sigimec.com;"";"";"";"";USAL8PV;"";"";679
"";"";201;iPurtec SRLs;"";Via Montello, 648-San Giorgio in Bosco;35010;PD;"";"";"";"";"";IT15932781006;"";"";"";+39 049 5994377;"";"";"";"";"";"";"";"";"";"";"";"";"";"";1;"";"";"";"";"";"";"";"";"";"";"";"";"";"";"";"";"";"";POBFA;"";"";"";"";"";"";"";"";"";"";"";""
"";"";202;L.A.M. SAS di Bonardo F.e C.;"";via Parma, 29-TORINO;10252;TO;04942100019;B42300;"";MONTE DEI PASCHI  agenzia 25;"";IT04942100019;"";"";"";011 858552;"";"";"";"";"";"";"";"";"";"";"";"";"";"";1;"";"";"";"";"";"";"";"";"";"";"";"";"";"";"";"";"";"";POBFA;"";"";"";"";"";"";"";"";KRRH6B9;EUR;"";""
"";"";204;RGS S.r.l.;"";Via Ludovico Lazzaro Zamenhof, 397-VICENZA;36100;VI;"";542332;80;"";"";IT04124240245;"";"";"";0444 239294;"";0604511800;"";"";25121711133340035-000039 D:17/12/25;"";"";"";"";"";"";"";"";"";1;"";"";"";"";"";"";"";"";"";"";"";"";01/01/2026;31/12/2026;"";"";"";"";POBFA;"";"";"";contabilita@rgs-vicenza.it;"";"";"";15000;SUBM70N;EUR;"";676
"";"";205;PIANO ADRIANO di PIANO MARCO;"";via Mario Franza 24-26-LESSOLO;10010;TO;PNIMRC80M08E379W;@9;"";"";"";IT07647040018;"";"";"";0125 58794;"";"";PIANO MARCO;"";"";"";"";"";"";"";"";"";"";"";1;"";"";"";"";"";"";"";"";"";marcorafo@live.it;"";"";"";"";"";"";"";"";POBFA;"";"";"";marcorafo@live.it;"";"";"";"";0000000;EUR;"";693
"";"";206;B.& C. s.r.l.;"";via Volta, 2-VALENZA;15048;AL;01837790060;552332;"";"";"";IT01837790060;"";"";"";0131 951598;"";"";"";"";"";"";"";"";"";"";"";"";2,5;"";1;"";"";"";"";"";"";"";"";"";"";"";"";"";"";"";"";"";"";POBFA;"";"";"";"";"";"";"";"";0000000;EUR;"";""
"";"";207;RESCHIGLIAN GIULIANO snc di Reschiglian;R e S;via Bragni,9-CADONEGHE;35010;PD;02242510283;A00000;"";"";"";IT02242510283;"";"";"";"";"";"";"";"";"";"";"";"";"";"";"";"";"";"";"";"";"";"";"";"";"";"";"";"";"";"";"";"";"";"";"";"";"";POBFA;"";"";"";info@reschiglian.it;"";"";"";"";KRRH6B9;EUR;"";""
"";"";208;SKIRDA;"";94 Lermontov St 96, Pavlodar, Kazakistan-Kazakhstan;140000;"";"";@5;90;"";"";KZ00000000000;"";"";"";"";"";"";"";"";"";"";"";"";"";"";"";"";"";"";"";"";"";"";"";"";"";"";"";"";"";"";"";"";"";"";"";"";"";POBFA;"";"";"";"";"";"";"";"";XXXXXXX;"";"";""
"";"";209;Nieddu G. e figli snc;"";Via Lamarmora 98-Dorgali;08022;NU;01062270911;"";"";"";"";IT01062270911;"";"";"";328 5326816;"";"";"";"";"";"";"";"";"";"";"";"";"";"";1;"";"";"";"";"";"";"";"";"";"";"";"";"";"";"";"";"";"";POBFA;"";"";"";"";"";"";"";"";"";"";"";""
"";"";210;Z.F.  SRL UNIPERSONALE;"";via Dino Fochesato, 1-MELEDO DI SAREGO;36040;VI;02094590243;562332;"";BANCO BPM Ag. Arzignano;"";IT02094590243;"";"";"";0444 820933;"";0503460120;"";"";"";"";"";"";"";"";"";"";2,5;"";1;"";"";"";"";"";"";"";"";"";"";000000012269;"";"";"";"";"";"";"";POBFA;"";IT54Q0503460120000000012269;"";giovanna.dani@zfzorzetto.net;"";"";"";"";A4707H7;EUR;"";""
"";"";211;MASCAR S.P.A.;"";via Roma,82-GRUMOLO DELLE ABBADESSE;36040;VI;02639920244;561032;"";BANCA MONTE DEI PASCHI DI SIENA SPA - CAMPOSAMPIERO;"";IT02639920244;"";"";"";0444 380180;"";0103062420;"";"";"";"";"";"";"";"";"";"";"";"";1;"";"";"";"";"";"";"";"";"";"";"";"";"";"";"";"";"";"";POBFA;"";"";"";giulia.pavin@mascar.it;Veneto;"";"";"";AU7YEU4;"";"";""
"";"";212;SHINING SUN TRADING CO. LLC;"";MURSHID BAZAAR DEIRA-DUBAI - U.A.E.;"";"";"";@2;90;"";"";AE00000000000;"";"";"";"";"";"";"";"";"";"";"";"";"";"";"";"";"";"";"";"";"";"";"";"";"";"";"";"";"";"";"";"";"";"";"";"";"";POBFA;"";"";"";"";"";"";"";"";XXXXXXX;"";"";""
"";"";213;GI.DI. MECCANICA S.p.A.;"";Via Toniolo, 29-VAZZOLA;31028;TV;"";"";"";"";"";IT;"";"";"";345 8178188;"";"";Daniele Pezzali;"";"";"";"";"";"";"";"";"";"";"";1;"";"";"";"";"";"";"";"";"";"";"";"";"";"";"";"";"";"";POBFA;"";"";"";"";"";"";"";"";"";"";"";""
"";"";214;CASTECH s.r.l.;"";via Mattei, 5-BRENDOLA;36040;VI;95046750246;B61000;80;"";"";IT02652480241;"";"";"";0444 601891;"";"";"";"";25121940591028888-000001 D:19/12/25;"";"";"";"";"";F#22;"";"";"";5;"";"";"";"";"";"";"";"";"";"";"";"";01/01/2026;31/12/2026;"";"";"";"";POBFA;"";"";"";michela_andrioli@castech.it;"";"";"";10000;0000000;"";"";""
"";"";215;EXTREME BIOMEC SRL;"";Viale del Lavoro, 66/68-BARBARANO MOSSANO;36021;VI;03722710245;541032;"";"";"";IT03722710245;"";"";"";0444 730635;"";0839960190;"";"";"";"";"";"";3280432810;"";"";"";2,5;"";1;"";"";"";"";"";"";"";"";"";"";"";"";"";"";"";"";"";"";POBFA;"";IT29W0839960190000000103426;"";amministrazione@extremeshox.com;"";"";"";"";0000000;"";"";""
"";"";216;EMMEPI UTENSILERIA SRL;"";via Lago di Albano, 5 z.i.-SCHIO;36015;VI;01780020242;200000;"";"";"";IT01780020242;"";"";"";0445576210;"";"";"";"";"";"";"";"";"";"";"";"";"";"";1;"";"";"";"";"";"";"";"";"";"";"";"";"";"";"";"";"";"";POBFA;"";"";"";"";"";"";"";"";AU7YEU4;EUR;"";""
"";"";217;MA.SA.FA. SRL;"";via S. Giuliano, 8 - Loc.Fiumicello-CAMPODARSEGO;35011;PD;04244950285;542332;"";Banca di Credito Cooperativo di Roma Ag.202 Borgoricco;"";IT04244950285;"";"";"";049 9202212;"";0832762390;393-9925739;"";"";"";"";"";049 9202187;2;"";"";"";"";1;"";"";"";"";"";"";"";"";"";attrezzeria@masafa.it;000000220934;"";"";"";"";"";"";"";POBFA;"";IT91X0832762390000000220934;"";amministrazione@masafa.it;"";"";"";"";KRRH6B9;EUR;"";""
"";"";218;MATAGOLD SRL;"";via Zamenhof, 625-VICENZA;36100;VI;03629510243;300000;"";"";"";IT03629510243;"";"";"";0444 239427;"";"";"";"";"";"";"";"";"";"";"";"";"";"";1;"";"";"";"";"";"";"";"";"";"";"";"";"";"";"";"";"";"";POBFA;"";"";"";"";"";"";"";"";0000000;EUR;"";""
"";"";219;MINUTERIE BOLZON SRL;"";via Spessa, 52-CREAZZO;36051;VI;03423870249;551032;"";MONTE DEI PASCHI DI SIENA;"";IT03423870249;"";"";"";0444 573623;"";0103060100;"";"";"";"";"";"";"";"";"";"";2,5;"";1;"";"";"";"";"";"";"";"";"";"";"";"";"";"";"";"";"";"";POBFA;"";"";"";amministrazione@minuteriebolzon.it;"";"";"";"";0000000;"";"";682
"";"";220;IMTRA TERMOFORMATURA S.R.L.;"";via Rossi 1/3-ARCUGNANO;36057;VI;03652440243;561032;"";ALLIANZ BANK FINANCIAL ADVISORS SPA Filiale di Milano - Piaz;"";IT03652440243;"";"";"";0444/249127;"";0358901600;"";"";"";"";"";"";"";"";"";"";"";"";1;"";"";"";"";"";"";"";"";"";"";010570489080;"";"";"";"";"";"";"";POBFA;"";IT87F0358901600010570489080;BKRAITMMXXX;amministrazione@imtra.it;"";"";"";"";EH1R83N;"";"";672
"";"";221;ERREA SISTEMI s.a.s. di Bedin Roberto e;C.;Strada Comunale Longara, 162-VICENZA;36100;VI;03804600249;542332;"";Unicredit Banca Spa Riviera Berica;"";IT03804600249;"";"";"";0444 531197;"";0200811804;"";"";"";"";"";"";"";"";"";"";2,5;"";1;"";"";"";"";"";"";"";"";"";erreasistemi@gmail.com;V;"";"";"";"";"";"";"";POBFA;"";IT15V0200811804000103046789;"";erreasistemi@gmail.com;"";"";"";"";W7YVJK9;EUR;"";""
"";"";222;BEA ITALY di Beatrice Bedin;"";strada Padana v/o Pd, 243-VICENZA;36100;VI;BDNBRC81L61A459V;A00000;"";"";"";IT03663370249;"";"";"";349 6455242;"";"";349 6455242;"";"";"";"";"";"";"";"";"";"";"";1;"";"";"";"";"";"";"";"";"";info@beaitaly.it;"";"";"";"";"";"";"";"";POBFA;"";"";"";"";"";"";"";"";X2PH38J;"";"";""
"";"";223;Iranian Golestaneh Gold Manufacturer;"";49-4TH FLOOR, DORFESHAN BLDG LALEZAR NU ST-TEHERAN;"";"";"";"";"";"";"";IR;"";"";"";+98 9355555511;"";"";"";"";"";"";"";"";"";"";"";"";"";"";1;"";"";"";"";"";"";"";"";"";"";"";"";"";"";"";"";"";"";POBFA;"";"";"";"";"";"";"";"";"";"";"";""
"";"";224;V-SHAPES SRL;"";Via Persicetana, 20B-CALDERARA DI RENO;40012;BO;03664681206;B62300;22;"";"";IT03664681206;"";"";"";051 0185079;"";0565202400;"";"";"";"";"";"";"";"";"";"";"";"";1;"";"";"";"";"";"";"";"";"";amministrazione@v-shapes.com;"";"";"";"";"";"";"";"";POBFA;"";IT49O05652024000130023086;"";amministrazione@v-shapes.com;"";"";"";"";M5UXCR1;EUR;"";""
"";"";225;INFINITY PARTS SRL;"";Zona Industriale 2D-Montreale Valcellina;33086;PN;01601460932;B42300;"";"";"";IT01601460932;"";"";"";0427-799311;"";"";"";"";"";"";"";"";"";"";"";"";"";"";1;"";"";"";"";"";"";"";"";"";a.candotti@infinityparts.eu;"";"";"";"";"";"";"";"";POBFA;"";"";"";"";"";"";"";"";0000000;EUR;"";""
"";"";226;F. & G. Srl;"";Via Europa, 3-MONTE VIDON CORRADO;63836;FM;00734400443;A00000;"";"";"";IT00734400443;"";"";"";0734 - 759 413;"";"";Franco Fermani;"";"";"";"";"";"";"";"";"";"";"";1;"";"";"";"";"";"";"";"";"";info@effegi.com;"";"";"";"";"";"";"";"";POBFA;"";"";"";franco@effegi.com;"";"";"";"";SU9YNJA;EUR;"";""
"";"";227;BHASKAR DEVJI CO. WLL;"";SHOP-132, SH ISA AVENUE, Rd330-BLOCK-304, MANAMA, BAHRAIN - NEAR JAWAD HOUSE;9999;BH;"";000000;90;"";"";BH99999999999;"";"";"";00973 17229824;"";"";"";"";"";"";"";"";cell.;"";"";"";"";"";1;"";"";"";"";"";"";"";"";"";"";"";"";"";"";"";"";"";"";POBFA;"";"";"";"";"";"";"";"";XXXXXXX;"";"";""
"";"";228;IRANZAR  -    Panzdah Khordad;"";Avenue, Pamenar Ave. No.27 Dongi Forked Road Alley-TEHRAN - IRAN;"";"";"";200000;"";"";"";IR;"";"";"";"";"";"";"";"";"";"";"";"";"";"";"";"";"";"";"";"";"";"";"";"";"";"";"";"";"";"";"";"";"";"";"";"";"";POBFA;"";"";"";"";"";"";"";"";XXXXXXX;"";"";""
"";"";229;S.C.S. di Carbone Andrea OFF. MECC.;TRANCE E STAMPI;via Vecchia Ferriera, 155-VICENZA;36100;VI;CRBNDR82D03L840Z;A00000;"";"";"";IT03677180246;"";"";"";0444-562600;"";0306911894;CARBONE ANDREA;"";"";"";"";"";"";2;"";"";"";"";1;"";"";"";"";"";"";"";"";"";scscarbone@pec.it;"";"";"";"";"";"";"";"";POBFA;"";IT77D0306911894100000008155;"";"";"";"";"";"";W7YVJK9;EUR;"";""
"";"";230;BUCCELLATI HOLDING ITALIA S.P.A.;"";VIA BRISA 5-MILANO;20123;MI;00739600153;"";"";"";"";IT00739600153;"";"";"";+39 3346126555;"";"";"";"";"";"";"";"";"";"";"";"";"";"";1;"";"";"";"";"";"";"";"";"";"";"";"";"";"";"";"";"";"";POBFA;"";"";"";"";"";"";"";"";"";"";"";""
"";"";231;COSTA SERGIO srl;"";via del Carso n.8-TORRI DI QUARTESOLO;36040;VI;03279650240;541032;"";CASSA DI RISPARMIO DEL VENETO;"";IT03279650240;"";"";"";0444910344;"";0622511834;"";"";"";"";"";"";"";"";"";"";2,5;"";1;"";"";"";"";"";"";"";"";"";"";"";"";"";"";"";"";"";"";POBFA;"";IT02V0622511834000000145302;"";laboratorio.costa@libero.it;"";"";"";"";0000000;"";"";""
"";"";232;DE ALMA S.r.l.;"";Strada dei Molini, 148, Vicenza (VI)-VICENZA;36100;VI;"";@2;"";BANCA DEL CENTROVENETO FIL. LONGARE;"";IT04238980249;"";"";"";0444/310124;"";0859060440;"";"";"";"";"";"";348-1520495;"";"";"";"";"";1;"";"";"";"";"";"";"";"";"";amministrazione@dealmasrl.com;"";"";"";"";"";"";"";"";POBFA;"";IT05O0859060440000900032743;"";amministrazione@dealmasrl.com;"";"";"";"";W7YVJK9;EUR;"";""
"";"";233;LANZA FRANCO SRL;"";via B. Cellini, 19-CAMISANO VICENTINO;36043;VI;02795810247;B42300;"";"";"";IT02795810247;"";"";"";"";"";"";"";"";"";"";"";"";"";"";"";"";"";"";"";"";"";"";"";"";"";"";"";"";"";"";"";"";"";"";"";"";"";POBFA;"";"";"";"";"";"";"";"";USAL8PV;"";"";""
"";"";234;LAGO SPA;"";via Artigianato II, 21-VILLA DEL CONTE;35010;PD;01508340286;200000;"";"";"";IT01508340286;"";"";"";"";"";"";"";"";"";"";"";"";"";"";"";"";"";"";"";"";"";"";"";"";"";"";"";"";"";"";"";"";"";"";"";"";"";POBFA;"";"";"";"";"";"";"";"";0000000;"";"";""
"";"";235;G.F. STAMPI di Giacometti Lorenzo;"";via Pascoli, 8/A- NOVENTA;35027;PD;GCMLNZ66T23G224B;A00000;"";"";"";IT04521570285;"";"";"";"";"";"";"";"";"";"";"";"";"";"";"";"";"";"";"";"";"";"";"";"";"";"";"";"";"";"";"";"";"";"";"";"";"";POBFA;"";"";"";"";"";"";"";"";0000000;"";"";""
"";"";236;TORNERIA CALDANA SILVIO E C. S.N.C.;"";Via Sile 6-Monte di Malo;36030;VI;"";"";"";"";"";IT02209430244;"";"";"";"";"";"";"";"";"";"";"";"";"";"";"";"";"";"";"";"";"";"";"";"";"";"";"";"";"";"";"";"";"";"";"";"";"";POBFA;"";"";"";"";"";"";"";"";"";"";"";""
"";"";237;TEMA AUTOMAZIONI S.R.L.;"";Via dell'Innovazione, 24-Camisano Vicentino;36043;VI;"";542300;"";BANCA BPER Ag.Mestrino (PD);"";IT01996650246;"";"";"";0444 635023;"";0538762651;Riccardo Liuzzo;"";"";"";"";"";"";"";"";"";"";"";1;"";"";"";"";"";"";"";"";"";info@tema-automazioni.it;000047679767;"";"";"";1;"";"";"";POBFA;"";IT32D0538762651000047679767;"";amministrazione@temaautomazioni.it;"";"";"";"";RR66BDG;"";"";""
"";"";238;MATTIOLI SPA;"";Via Bologna, 220-TORINO;10154;TO;10832030018;@2;"";INTESA SAN PAOLO;"";IT10832030018;"";"";"";011 24 81 766;"";0306901033;"";"";"";"";"";"";"";"";"";"";"";"";1;"";"";"";"";"";"";"";"";"";gianluca.cursano@mattioli.it;L100000074576;"";"";"";"";"";"";"";POBFA;"";IT05L0306901033100000074576;"";francesco.esaminato@mattioli.it;"";"";"";"";A4707H7;EUR;"";""
"";"";239;PISANO FEDERICO;"";Via Carlo Boscarato, 4-ROMA;00127;RM;PSNFRC80R10Z112M;A00000;"";"";"";IT;"";"";"";"";"";"";"";"";"";"";"";"";"";"";"";"";"";"";"";"";"";"";"";"";"";"";"";"";zuleproduction@gmail.com;"";"";"";"";"";"";"";"";POBFA;"";"";"";"";"";"";"";"";0000000;EUR;"";""
"";"";240;FRANKLIN ELECTRIC S.R.L.;"";via Asolo, 7-DUEVILLE;36031;VI;"";B42300;80;02-BANCO BPM S.P.A.                                       %2;"";IT00558130241;"";"";"";0444 360366;"";0200811802;"";"";26011209233524585-000001 D:12/01/26;"";"";"";348 4623645;"";F#408;2;"";"";1;"";"";"";"";"";"";"";"";"";"";"";"";12/01/2026;31/12/2026;"";"";"";"";POBFA;"";IT11Z0200811802000004318612;"";finance.it@fele.com;"";"";"";1000000;A4707H7;EUR;"";""
"";"";241;SOLERA-THERMOFORM GROUP S.P.A.;"";via Cavalieri di Malta, 6-TORREGLIA;35038;PD;05968260488;@6;"";"";"";IT05968260488;"";"";"";049 9998811;"";0622562680;"";"";"";"";"";"";"";"";"";"";2,5;"";1;"";"";"";"";"";"";"";"";"";mprendin@soltherm-group-com;"";"";"";"";"";"";"";"";POBFA;"";"";"";lrossetto@soltherm-group.com;"";"";"";"";A4707H7;"";"";""
"";"";242;Pelletteria Debora S.r.l.;"";Via A.Ferrarin n.17-Bolzano Vicentino;36050;VI;03903720245;A00000;"";"";"";IT03903720245;"";"";"";0444 205917;"";"";"";"";"";"";"";"";349 469 2004;"";"";"";"";"";1;"";"";"";"";"";"";"";"";"";Info@pelletteriadebora.com;"";"";"";"";"";"";"";"";POBFA;"";"";"";info@pelletteriadebora.com;"";"";www.pelletteriadebora.it;"";0000000;EUR;"";""
"";"";243;LANULFI MOULDS S.R.L.;"";via dell'Industria, 1-MONTICELLO CONTE OTTO;36010;VI;"";BG1000;80;01-BANCA DEL VENETO CENTRALE;"";IT02834270247;"";"";"";0444 946083;"";"";"";"";25121211001943176-000013 D:12/12/25;"";"";"";"";"";"";"";"";"";1;"";"";"";"";"";"";"";"";"";"";"";"";01/01/2026;31/12/2026;"";"";"";"";POBFA;"";"";"";mcastegnaro@lanulfi.com;"";"";"";100000;T04ZHR3;EUR;"";""
"";"";244;LANULFI MODELS S.R.L.;"";Via dell'Industria, 3-MONTICELLO CONTE OTTO;36010;VI;04186750248;BG1000;"";01-BANCA DEL VENETO CENTRALE;"";IT04186750248;"";"";"";0444-946083;"";"";"";"";"";"";"";"";"";"";"";"";"";"";1;"";"";"";"";"";"";"";"";"";"";"";"";"";"";"";"";"";"";POBFA;"";"";"";mcastegnaro@lanulfi.com;"";"";"";"";T04ZHR3;EUR;"";""
"";"";245;LANULFI STEEL S.R.L.;"";Via dell'Industria n.1-MONTICELLO CONTE OTTO;36010;VI;04196550240;BG1000;22;INTESA SAN PAOLO Ag.CAVAZZALE;"";IT04196550240;"";"";"";0444 946083;"";0306960569;"";"";"";"";"";"";"";"";"";"";"";"";1;"";"";"";"";"";"";"";"";"";"";B100000002791;"";"";"";"";"";"";"";POBFA;"";IT21B0306960569100000002791;BCITITMM;mcastegnaro@lanulfi.com;"";"";"";"";T04ZHR3;EUR;"";""
"";"";246;FONDERIE ALMA SRL;"";Viale Artigianato, 53-Longare;36023;VI;"";@2;"";"";"";IT00257390245;"";"";"";0444-953377;"";"";"";"";"";"";"";"";"";"";"";"";"";"";1;"";"";"";"";"";"";"";"";"";info@fonderiealma.com;"";"";"";"";"";"";"";"";POBFA;"";"";"";info@fonderiealma.com;"";"";"";"";"";EUR;"";""
"";"";247;EV Srl;"";Via Stelvio, 12/C-Grosio;23033;SO;"";000000;"";"";"";IT00964350144;"";"";"";0342 848100;"";"";"";"";"";"";"";"";"";"";"";"";"";"";1;"";"";"";"";"";"";"";"";"";moreno@ev-online.com;"";"";"";"";"";"";"";"";POBFA;"";"";"";info@ev-online.com;"";"";"";"";M5UXCR1;EUR;"";""
"";"";248;DA VIA' LUIGI SRL;"";Via F.Coletti, 106 - Fraz.Tai-PIEVE DI CADORE;32044;BL;00658120258;@2;"";"";"";IT00658120258;"";"";"";0435-501 121;"";"";Federico De Podestà;"";"";"";"";"";335-401 521 Cel.;"";"";"";"";"";1;"";"";"";"";"";"";"";"";"";fdepodesta@luigidavia.it;"";"";"";"";"";"";"";"";POBFA;"";"";"";"";"";"";davialuigisrl@pec.reviviscar.it;"";"";EUR;"";""
"";"";249;SUPER GOLD ENTERPRISE LTD;"";TQL 200X - Ta QALI - Crafts village-ATTARD - MALTA;ATD4000;MT;"";@2;89;"";"";MT16891221;"";"";"";"";"";"";"";"";"";"";"";"";"";"";"";"";"";"";"";"";"";"";"";"";"";"";"";"";info@supergoldjewellers.com;"";"";"";"";"";"";"";"";POBFA;"";"";"";"";"";"";"";"";XXXXXXX;EUR;"";""
"";"";250;TECHNOLOGY FOR PROPULSION AND INNOVATION;S.P.A.;Via Altinate, 125-PADOVA;35121;PD;"";A00000;"";INTESA SAN PAOLO FILIALE NOVENTA PADOVANA FILIALE NOVENTA PA;"";IT04802040289;"";"";"";3317200911;"";0306962692;Matteo Fagherazzi;"";"";"";"";"";"";"";"";"";"";"";1;"";"";"";"";"";"";"";"";"";info@t4innovation.com;k100000010034;"";"";"";"";"";"";"";POBFA;"";IT57K0306962692100000010034;BCITITMM;"";"";"";t4isrl@legalmail.it;"";M5UXCR1;EUR;"";""
"";"";251;L'Arte S.A.S. Di Bravin Giulia & C.;"";Via A. Carneo, 27-Concordia Saggittaria;30023;VE;03653470272;@2;"";"";"";IT03653470272;"";"";"";0421 271118;"";"";329 642 3121;"";"";"";"";"";"";"";"";"";"";"";1;"";"";"";"";"";"";"";"";"";roberto5724@inwind.it;"";"";"";"";"";"";"";"";POBFA;"";"";"";"";"";"";oreficeriabravin@cgn.legalmail.it;"";P62QHVQ;EUR;"";""
"";"";253;ESTET Moscow;"";Vetkina Str.4-MOSCOW;127521;"";"";@10;"";"";"";RUOO99999999999;"";"";"";+7 915 455 14 45;"";"";Aleksanyan Okhannes;"";"";"";"";"";"";"";"";"";"";"";1;"";"";"";"";"";"";"";"";"";aleksanyan@estet.ru;"";"";"";"";"";"";"";"";POBFA;"";"";"";"";"";"";"";"";XXXXXXX;EUR;"";""
"";"";254;RODNEY CIANTAR;"";Rodan Triq - Markiz V.Bugeja-NAXXAR - MALTA;MST14;MT;"";@2;89;"";"";MT16002213;"";"";"";+356 - 7949  1651;"";"";"";"";"";"";"";"";"";"";"";"";"";"";1;"";"";"";"";"";"";"";"";"";rodneyciantar@gmail.com;"";"";"";"";"";"";"";"";POBFA;"";"";"";"";"";"";"";"";XXXXXXX;EUR;"";""
"";"";255;VEMAC S.R.L.;"";Strada Argini, 123-PARMA;43123;PR;"";541032;"";Emil Banca Credito Cooperativo Gruppo Bancario Cooperatica I;"";IT02282740345;"";"";"";0521 290 930;"";0707266170;Massimo Setti;"";"";"";"";"";"";"";"";"";"";"";1;"";"";"";"";"";"";"";"";"";info@vemacparma.it;000000147468;"";"";"";"";"";"";"";POBFA;"";IT84H0707266170000000147468;ICRAITRRTS0;amministrazione@vemacparma.it;"";"";"";"";W7YVJK9;EUR;"";""
"";"";256;FRANCESCATO JOHN;"";Strada Colla, 10 - FR. VALMADONNA-ALESSANDRIA;15122;AL;FRNJHN74R12A182H;200000;"";"";"";IT01559810062;"";"";"";0131 507417;"";"";"";"";"";"";"";"";"";"";"";"";"";"";1;"";"";"";"";"";"";"";"";"";info@francescatojohn.it;"";"";"";"";"";"";"";"";POBFA;"";"";"";info@francescatojohn.it;"";"";"";"";SUBM70N;EUR;"";""
"";"";257;MAISTRELLO SRL;"";via Vecchia Ferriera, 50/14- VICENZA;36100;VI;02788270243;561032;"";"";"";IT02788270243;"";"";"";0444 291252;"";0200811802;DANIELE;"";"";"";"";"";3474924658;"";"";"";2,5;"";1;"";"";"";"";"";"";"";"";"";info@maistrellosrl.com;"";"";"";"";"";"";"";"";POBFA;"";"";"";info@maistrellosrl.com;"";"";"";"";0000000;"";"";""
"";"";258;NEFERIDIS IOANNIS FILIPPOS;"";Egnatias 35 - Thessaloniki-SALONICCO;54630;"";"";@2;89;"";"";ELEL117888225;"";"";"";348 6929516;"";"";safarikas@libero.it;"";"";"";"";"";"";"";"";"";"";"";1;"";"";"";"";"";"";"";"";"";"";"";"";"";"";"";"";"";"";POBFA;"";"";"";"";"";"";"";"";XXXXXXX;EUR;"";""
"";"";259;MG Srl;"";VIA ROSARIO, 20-ARCOLE;37040;VR;03280340237;@2;"";"";"";IT03280340237;"";"";"";045 614 4111;"";0503459240;"";"";"";"";"";"";3469656742;"";"";"";"";"";1;"";"";"";"";"";"";"";"";"";mg.srl.arcole@gmail.com;020100010504;"";"";"";"";"";"";"";POBFA;"";IT42U0503459240000000010504;"";mg.srl.arcole@gmail.com;"";"";mg.srl.arcole@pec.diesseweb.it;"";M5UXCR1;"";"";""
"";"";260;DML DAL MASO Srl Unipersonale;"";Via Palazzon, 41-Creazzo;36051;VI;04324730243;@2;"";"";"";IT04324730243;"";"";"";0444-340888;"";"";"";"";"";"";"";"";"";"";"";"";"";"";1;"";"";"";"";"";"";"";"";"";dml@goldnet.it;"";"";"";"";"";"";"";"";POBFA;"";"";"";dml@goldnet.it;"";"";"";"";SUBM70N;EUR;"";""
"";"";261;LANDI RENZO S.P.A.;"";via Nobel, 2-CORTE TEGGE -CAVRIAGO;42025;RE;00523300358;A00000;"";"";"";IT00523300358;"";"";"";3407372846;"";"";"";"";"";"";"";"";"";"";"";"";"";"";1;"";"";"";"";"";"";"";"";"";fatture@landi.it;"";"";"";"";"";"";"";"";POBFA;"";"";"";fatture@landi.it;"";"";"";"";SYB621Z;"";"";""
"";"";262;TAMMAR Gold & Jawelry;"";P.O.Box  12469-JEDDAH   - ARABIA SAUDITA;21473;"";"";200000;"";"";"";SA00000000000;"";"";"";00966 505606816;"";"";"";"";"";"";"";"";"";"";"";"";"";"";1;"";"";"";"";"";"";"";"";"";"";"";"";"";"";"";"";"";"";POBFA;"";"";"";"";"";"";"";"";XXXXXXX;"";"";""
"";"";263;IMP. DI COSTRUZIONE BRUNETTO  ANTONIO di;Brunetto Stefano;via Tormeno, 70-VICENZA;36100;VI;"";200000;"";"";"";IT02332170246;"";"";"";"";"";"";"";"";"";"";"";"";"";"";"";"";"";"";"";"";"";"";"";"";"";"";"";"";"";"";"";"";"";"";"";"";"";POBFA;"";"";"";"";"";"";"";"";0000000;"";"";""
"";"";264;ALESSI DOMENICO SPA;"";via dei Tulipani 3/5- BASSANO DEL GRAPPA;36061;VI;00541780243;200000;"";"";"";IT00541780243;"";"";"";0424 566200;"";"";"";"";"";"";"";"";"";"";"";"";"";"";1;"";"";"";"";"";"";"";"";"";momjian.alberto@gmail.com;"";"";"";"";"";"";"";"";POBFA;"";"";"";"";"";"";"";"";0000000;"";"";""
"";"";265;PRE.GI SRL;"";via Caronda 259/261/263-CATANIA;95128;CT;03400940874;200000;"";"";"";IT03400940874;"";"";"";095 436974;"";"";sig. PREVITI;"";"";"";"";"";095436974;2;"";"";"";"";1;"";"";"";"";"";"";"";"";"";pregisrl@hotmail.it;"";"";"";"";"";"";"";"";POBFA;"";"";"";"";"";"";"";"";0000000;EUR;"";""
"";"";266;REVOLTI LATTONERIE SRL;"";Via dell'Impresa n.1-RAVINA;38123;TN;00412710220;200000;"";"";"";IT00412710220;"";"";"";"";"";"";"";"";"";"";"";"";"";"";"";"";"";"";"";"";"";"";"";"";"";"";"";"";amministrazione@revolti.it;"";"";"";"";"";"";"";"";POBFA;"";"";"";"";"";"";"";"";T04ZHR3;EUR;"";""
"";"";267;PUNTO CLIMA ANDRIOLO SRL;"";via Progresso, 25-CASTEGNERO;36020;VI;03972300242;B41000;"";"";"";IT03972300242;"";"";"";3393407777;"";"";"";"";"";"";"";"";"";"";"";"";"";"";1;"";"";"";"";"";"";"";"";"";andrioloclima@gmail.com;"";"";"";"";"";"";"";"";POBFA;"";"";"";andrioloclima@gmail.com;"";"";"";"";0000000;"";"";""
"";"";268;DYADEMA  S.r.l.;"";via dell'artigianato 14-San Zenone degli Ezzelini;31020;TV;04677270268;@7;22;"";"";IT04677270268;"";"";"";0423 969754;"";"";"";"";"";"";"";"";"";2;"";"";"";"";1;"";"";"";"";"";"";"";"";"";alessandro@dyadema.it;"";"";"";"";"";"";"";"";"";"";"";"";"";"";"";"";"";KRRH6B9;EUR;"";""
"";"";269;U.T.F. S.R.L.;"";via Europa, 15- MARANO VICENTINO;36035;VI;03200690240;561032;"";"";"";IT03200690240;"";"";"";"";"";"";"";"";"";"";"";"";"";"";"";"";2,5;"";"";"";"";"";"";"";"";"";"";"";amministrazione@utf-srl.com;"";"";"";"";"";"";"";"";POBFA;"";"";"";"";"";"";"";"";0000000;"";"";""
"";"";270;SALEHI MACHINES;"";4th st. of Jey Industrial zone - P.O.BOX 83761-ESFAHAN - IRAN;"";"";"";200000;"";"";"";IR;"";"";"";"";"";"";"";"";"";"";"";"";"";"";"";"";"";"";"";"";"";"";"";"";"";"";"";"";"";"";"";"";"";"";"";"";"";POBFA;"";"";"";"";"";"";"";"";XXXXXXX;"";"";""
"";"";272;URBANI & HTL SRL;""; via L.L. Zamenhof, 414-416-VICENZA;36100;VI;04124010242;541032;"";"";"";IT04124010242;"";"";"";0444-239305;"";0200836852;tecnico Gianluca;"";"";"";"";"";340 9218418;"";"";"";2,5;"";1;"";"";"";"";"";"";"";"";"";amministrazione@urbanihtl.it;"";"";"";"";"";"";"";"";POBFA;"";IT08D0200836852000105065029;"";amministrazione@urbanihtl.it;"";"";"";"";SUBM70N;EUR;"";696
"";"";273;BREGA srl;"";via Bacchiglione 1-2-CERVARESE S.CROCE;35030;PD;00376770285;561032;"";"";"";IT00376770285;"";"";"";049 9915098;"";0859063110;"";"";"";"";"";"";"";"";"";"";2,5;"";1;"";"";"";"";"";"";"";"";"";"";"";"";"";"";1;"";"";"";POBFA;"";"";"";claudia.crestale@brega.it;"";"";"";"";0000000;"";"";""
"";"";274;OREFICERIA LA RIVIERA s.r.l.;"";Via del Progresso 25-Castegnero;36020;VI;02116840246;541032;"";"";"";IT02116840246;"";"";"";0444 730458;"";0306960594;"";"";"";"";"";"";"";"";"";"";2,5;"";1;"";"";"";"";"";"";"";"";"";"";"";"";"";"";"";"";"";"";POBFA;"";IT49K03069605941000000000327;"";amministrazione@oreficerialariviera.com;"";"";"";"";0000000;EUR;"";""
"";"";275;MA-MICROMEC Srls;"";viale del Lavoro, 26-VICENZA;36100;VI;03984430243;200000;"";"";"";IT03984430243;"";"";"";"";"";"";"";"";"";"";"";"";"";"";"";"";"";"";"";"";"";"";"";"";"";"";"";"";"";"";"";"";"";"";"";"";"";POBFA;"";"";"";"";"";"";"";"";0000000;"";"";""
"";"";276;FRANK ZAMPA Jewellery;"";37 st.Lucia str.-VALLETTA - MALTA;"";"";MT18829326;200000;"";"";"";MTMT18829326;"";"";"";"";"";"";"";"";"";"";"";"";"";"";"";"";"";"";"";"";"";"";"";"";"";"";"";"";"";"";"";"";"";"";"";"";"";POBFA;"";"";"";"";"";"";"";"";XXXXXXX;"";"";""
"";"";277;SIMONETTO GIANFRANCO;"";via Ca' Mora 22-CASSOLA;36022;VI;SMNGFR69E09C037B;200000;"";"";"";IT02141970240;"";"";"";042 4534106;"";"";"";"";"";"";"";"";"";"";"";"";"";"";1;"";"";"";"";"";"";"";"";"";info@simonettogianfranco.it;"";"";"";"";"";"";"";"";POBFA;"";"";"";"";"";"";"";"";0000000;"";"";""
"";"";278;NETWORK TRADING L.L.C.;"";P.O.BOX 21242-DUBAI - UAE;"";"";"";200000;"";"";"";AE;"";"";"";+251 11156 2797;"";"";"";"";"";"";"";"";+97 14223 8260;"";"";"";"";"";1;"";"";"";"";"";"";"";"";"";"";"";"";"";"";"";"";"";"";POBFA;"";"";"";"";"";"";"";"";XXXXXXX;EUR;"";""
"";"";279;NUBIA S.r.l.;"";via Asiago 7/9-TRISSINO;36070;VI;02181050242;200000;"";"";"";IT02181050242;"";"";"";0445 962166;"";"";"";"";"";"";"";"";"";"";"";"";"";"";1;"";"";"";"";"";"";"";"";"";"";"";"";"";"";"";"";"";"";POBFA;"";"";"";"";"";"";"";"";0000000;"";"";""
"";"";280;MICK SRL;"";via del progresso, 60-MOSSANO;36024;VI;03761910243;B41000;"";"";"";IT03761910243;"";"";"";0444 795695;"";"";Matteo;"";"";"";"";"";"";"";"";"";"";"";1;"";"";"";"";"";"";"";"";"";info@micksrl.it;"";"";"";"";"";"";"";"";POBFA;"";"";"";info@micksrl.it;"";"";"";"";0000000;"";"";""
"";"";281;METALPRES SRL;"";via Marco Sasso, 19-BASSANO DEL GRAPPA;36061;VI;"";561032;"";"";"";IT03886590243;"";"";"";"";"";"";"";"";"";"";"";"";"";"";"";"";2,5;"";"";"";"";"";"";"";"";"";"";"";"";"";"";"";"";"";"";"";"";POBFA;"";"";"";"";"";"";"";"";0000000;"";"";""
"";"";282;ECOFER POZZATO SRL;"";via dell'Industria, 34-MONTICELLO CONTE OTTO;36010;VI;01982690248;B41000;93;"";"";IT01982690248;"";"";"";0444 596249;"";"";"";"";"";"";"";"";"";"";"";"";"";"";1;"";"";"";"";"";"";"";"";"";"";"";"";"";"";"";"";"";"";POBFA;"";"";"";info@ecoferpozzato.it;"";"";"";"";W7YVJK9;"";"";""
"";"";283;MARTINI AUTOMAZIONI S.R.L.;"";via E. Mattei, 9/A-DUEVILLE;36031;VI;02468180241;A00000;"";Unicredit Banca Spa Riviera Berica;"";IT02468180241;"";"";"";3484723553;"";0200811804;"";"";"";"";"";"";0444-360907;"";"";"";"";"";1;"";"";"";"";"";"";"";"";"";stanislao@martiniautomazioni.it;"";"";"";"";"";"";"";"";POBFA;"";IT02U0200811804000101107630;"";info.martiniautomazini@gmail.com;"";"";"";"";0000000;EUR;"";""
"";"";284;CESTARO FONDERIE S.p.A.;"";Via dell'Artigianato 34-BRESSANVIDO;36050;VI;01721440244;561032;"";CASSA RISP. BOLZANO;"";IT01721440244;"";"";"";0444 460400;"";0604511800;"";"";"";"";"";"";"";"";"";"";2,5;"";1;"";"";"";"";"";"";"";"";"";info@fonderiecestaro.it;"";"";"";"";"";"";"";"";POBFA;"";IT71D0604511800000005000140;CRBZIT2B130;info@fonderiecestaro.it;"";"";"";"";0000000;EUR;"";""
"";"";285;O.T.F. di Frigo Laura;"";via Lago Europa 75-POJANA MAGGIORE;36026;VI;FRGLRA60H55L840T;@4;"";"";"";IT01761720240;"";"";"";0444 794093;"";"";"";"";"";"";"";"";"";"";"";"";"";"";1;"";"";"";"";"";"";"";"";"";otflaurafrigo@gmail.com;"";"";"";"";"";"";"";"";POBFA;"";"";"";otflaurafrigo@gmail.com;"";"";"";"";SUBM70N;EUR;"";""
"";"";286;COVIS srl;"";Via Astico 1-CARRE';36010;VI;02390530240;"";"";"";"";ITIT02390530240;"";"";"";0445 382488;"";"";Fabio Soprana;"";"";"";"";"";388 1455431;"";"";"";"";"";1;"";"";"";"";"";"";"";"";"";fabio.soprana@covis.it;"";"";"";"";"";"";"";"";POBFA;"";"";"";"";"";"";"";"";"";"";"";""
"";"";287;GUTIERREZ JOYERÍA & ARTESANIA E.I.R.L;"";MZA. F LOTE 16 URB. PRIMERO DE MAYO CUSCO - PERU-PERU;08000;"";"";"";"";"";"";PE;"";"";"";051930953241;"";"";"";"";"";"";"";"";+51930953241;"";"";"";"";"";1;"";"";"";"";"";"";"";"";"";gutierrezjoyas@hotmail.es;"";"";"";"";"";"";"";"";POBFA;"";"";"";"";"";"";"";"";"";"";"";""
"";"";288;VITO;"";-;"";AR;"";@2;"";"";"";IT00000000001;"";"";"";"";"";"";"";"";"";"";"";"";"";"";"";"";"";"";"";"";"";"";"";"";"";"";"";"";"";"";"";"";"";"";"";"";"";POBFA;"";"";"";"";"";"";"";"";"";"";"";""
"";"";289;FATI ENGINEERING SRL;"";Via Fortunato Zeno, 8-ROVERETO;38068;TN;"";@2;"";"";"";IT02656670227;"";"";"";+39 0464076171;"";"";"";"";"";"";"";"";"";"";"";"";"";"";1;"";"";"";"";"";"";"";"";"";info@fatiengineering.eu;"";"";"";"";"";"";"";"";"";"";"";"";info@fatiengineering.eu;"";"";"";"";"";EUR;"";""
"";"";290;BOTTEGA ORAFA di Covolo Andrea;"";Strada dei Molini, 46/3-VICENZA;36100;VI;"";@4;"";CENTROVENETOBASSANO BANCA filiale di TORRI DI ARCUGNANO;"";IT03917930244;"";"";"";0444-040814;"";0859088331;"";"";"";"";"";"";3450028352;"";"";"";"";"";1;"";"";"";"";"";"";"";"";"";amministrazione@bottegaorafa.info;000081037591;"";"";"";"";"";"";"";POBFA;"";IT0859088331000081037591;"";covoloandrea@pec.it;"";"";"";"";SUBM70N;EUR;"";""
"";"";291;ARGENTIERI FLAVIO e VALERIO FRANZOSO sns;"";Via Piav, 54-ALESSANDRIA;15121;AL;02157220068;@4;"";"";"";IT02157220068;"";"";"";0131-253651;"";"";"";"";"";"";"";"";"";"";"";"";"";"";1;"";"";"";"";"";"";"";"";"";argentierifranzoso@gmail.com;"";"";"";"";"";"";"";"";POBFA;"";"";"";"";"";"";"";"";0000000;EUR;"";""
"";"";292;MANDELLI s.n.c. di Mandelli Davide & C.;"";Via del Fiordaliso, 2/A-BUSTO ARSIZIO;21052;VA;"";@4;"";"";"";IT;"";"";"";0331-620313;"";"";"";"";"";"";"";"";"";"";"";"";"";"";1;"";"";"";"";"";"";"";"";"";info@mandellisrl.it;"";"";"";"";"";"";"";"";POBFA;"";"";"";"";"";"";"";"";"";"";"";""
"";"";293;GESTORE DEI SERVIZI ENERGETICI - GSE;S.P.A.;V.le Maresciallo Pilsudski 92-ROMA;00197;RM;05754381001;B41000;91;"";"";IT05754381001;"";"";"";"";"";"";"";"";"";"";"";"";"";"";"";"";"";"";"";"";"";"";"";"";"";"";"";"";"";"";"";"";"";"";"";"";"";POBFA;"";"";"";"";"";"";"";"";0000000;"";"";""
"";"";294;VI.MANUFATTI SPA in liquidazione già;CHIMENTO GIOIELLIERI SPA;Via Serenissima, 8/1-GRISIGNANO DI ZOCCO;36040;VI;01773620248;200000;"";"";"";IT01773620248;"";"";"";"";"";"";"";"";"";"";"";"";"";"";"";"";"";"";"";"";"";"";"";"";"";"";"";"";"";"";"";"";"";"";"";"";"";POBFA;"";"";"";"";"";"";"";"";0000000;"";"";""
"";"";295;DINOIL Spa BONDIOLI & PAVESI;"";Via C. Colombo, 5-Montecchio Maggiore;36075;VI;00729680249;541032;"";CREDEM Ag.Suzzara (MN);"";IT00729680249;"";"";"";0444705000;"";0303258010;Vittorio Barbieri;"";"";"";"";"";0444705050;"";"";"";"";"";1;"";"";"";"";"";"";"";"";"";"";"";"";"";"";"";"";"";"";POBFA;"";"";"";dinoil.amministrazione@bondioli-pavesi.com;"";"";"";"";0000000;EUR;"";""
"";"";296;FEDERICA CORTESE;"";via Schipani, 52-CATANZARO;88100;CZ;03214060794;000000;"";"";"";IT03214060794;"";"";"";0961 706591;"";"";"";"";"";"";"";"";333 3995708;2;"";"";"";"";1;"";"";"";"";"";"";"";"";"";orafocortese@libero.it;"";"";"";"";"";"";"";"";POBFA;"";"";"";"";"";"";"";"";0000000;EUR;"";""
"";"";297;LUIGI DAL TROZZO di C.A. Mazzari & C.;S.A.S.;via C. Treves, 26-VIMODRONE;20090;MI;08015150157;200000;"";"";"";IT08015150157;"";"";"";02 28.858.707;"";"";"";"";"";"";"";"";"";"";"";"";"";"";1;"";"";"";"";"";"";"";"";"";acquisti@luigidaltrozzo.it;"";"";"";"";"";"";"";"";POBFA;"";"";"";acquisti@luigidaltrozzo.it;"";"";"";"";SUBM70N;EUR;"";""
"";"";298;8853 S.P.A.;"";via Pitagora, 11-PERO;20016;MI;10684110157;200000;"";"";"";IT10684110157;"";"";"";02 8853215;"";"";"";"";"";"";"";"";"";"";"";"";"";"";1;"";"";"";"";"";"";"";"";"";fabiana.limitone@8853.it;"";"";"";"";"";"";"";"";POBFA;"";"";"";"";"";"";"";"";0000000;EUR;"";""
"";"";299;INTERMOBEL s.a.s. di Carretta Cav.;Angelo & C.;via dell'Artigianato, 6-LONGARE;36023;VI;00642830244;A00000;"";"";"";IT00642830244;"";"";"";0444 555311;"";"";"";"";"";"";"";"";"";"";"";"";"";"";1;"";"";"";"";"";"";"";"";"";amm@intermobel.it;"";"";"";"";"";"";"";"";POBFA;"";"";"";amm@intermobel.it;"";"";"";"";A4707H7;EUR;"";""
"";"";300;ELLE EMME s.a.s.;"";via Petroniano, 30-MASSA;54100;MS;01179370455;000000;"";"";"";IT01179370455;"";"";"";339 0322686;"";"";"";"";"";"";"";"";"";"";"";"";"";"";1;"";"";"";"";"";"";"";"";"";"";"";"";"";"";"";"";"";"";POBFA;"";"";"";"";"";"";"";"";"";"";"";""
"";"";301;ALMOND LTD.;"";31 Thanon Mom Chao Sanga Ngam Supradit-Minburi, Bangkok;10510;"";"";"";"";"";"";TH;"";"";"";02-517-0042;"";"";Salin Darat;"";"";"";"";"";"";"";"";"";"";"";1;"";"";"";"";"";"";"";"";"";salin@almond.co.th;"";"";"";"";"";"";"";"";POBFA;"";"";"";"";"";"";"";"";"";"";"";""
"";"";302;Faizanè S.p.A.;"";Via Monte Pasubio 150-Zanè;36010;VI;"";541032;"";"";"";IT;"";"";"";+39 0445 318318;"";"";"";"";"";"";"";"";"";"";"";"";"";"";1;"";"";"";"";"";"";"";"";"";info@faizane.com;"";"";"";"";"";"";"";"";POBFA;"";"";"";"";"";"";"";"";"";"";"";""
"";"";303;NEXA S.R.L. Unipersonale a Socio Unico;"";Via Castellini 6/A-Zocco di Erbusco;25030;BS;02365820980;@10;"";BANCO BPM;"";IT02365820980;"";"";"";0307760087;"";0503453760;Angelo Bonomi;"";"";"";"";"";030 7760087;"";"";"";"";"";1;"";"";"";"";"";"";"";"";"";"";000000006060;"";"";"";"";"";"";"";POBFA;"";IT98J0503453760000000006060;BAPPIT22AM9;info@nexatech.it;"";"";"";"";X2PH38J;"";"";""
"";"";304;GRODES SRL;"";Shodnenskaya Str 25/4/1-MOSCA;123363;"";"";"";90;"";"";RU;"";"";"";"";"";"";"";"";"";"";"";"";"";"";"";"";"";"";"";"";"";"";"";"";"";"";"";"";"";"";"";"";"";"";"";"";"";POBFA;"";"";"";"";"";"";"";"";"";"";"";""
"";"";305;CP ITALY Srl;"";via Persicetana 20/B-CALDERARA DI RENO;40012;BO;IT04191641200;000000;"";"";"";ITIT04191641200;"";"";"";051 01850079;"";"";"";"";"";"";"";"";"";"";"";"";"";"";1;"";"";"";"";"";"";"";"";"";info@v-shapes.com;"";"";"";"";"";"";"";"";POBFA;"";"";"";amministrazione@v-shapes.com;"";"";cpitalysrl@pecimprese.it;"";"";"";"";""
"";"";306;ITALOHM SRL;"";Viale della Meccanica, 13-VICENZA;36100;VI;02642920165;B42300;"";"";"";IT02642920165;"";"";"";0444  965365;"";"";MARCO LORENZI;"";"";"";"";"";"";"";"";"";"";"";1;"";"";"";"";"";"";"";"";"";m.lorenzi@italohm.com;"";"";"";"";"";"";"";"";POBFA;"";"";"";"";"";"";"";"";USAL8PV;"";"";""
"";"";307;COMAR s.r.l;"";Via dei Gelsi, 15-LOZZO ATESTINO (PD);35034;PD;00272780289;571032;22;BANCA PREALPI SANBIAGIO DI C.C. FIL. ESTE (PD);"";IT00272780289;"";"";"";042 994968;"";0890462560;"";"";"";"";"";"";"";"";"";"";"";"";1;"";"";"";"";"";"";"";"";"";info@comarleghe.it;U032000214211;"";"";"";"";"";"";"";POBFA;"";IT22U0890462560032000214211;"";info@comarleghe.it;"";"";comarsrl@registerpec.it;"";J6URRTW;EUR;"";""
"";"";308;CONFRATERNITA DI SANT'ANTONIO ABATE DI;TOBI;Piazza chiesa di Tobi 23-CERANESI GENOVA;16014;GE;95021970108;"";"";"";"";IT;"";"";"";347 3279851;"";"";"";"";"";"";"";"";"";"";"";"";"";"";1;"";"";"";"";"";"";"";"";"";"";"";"";"";"";"";"";"";"";POBFA;"";"";"";"";"";"";"";"";"";"";"";""
"";"";309;INCIS ITALIA SRL;"";V. Dell'Industria 11-Cavazzale (VI);36010;VI;"";A00000;"";"";"";IT01712590247;"";"";"";0444 597685;"";"";"";"";"";"";"";"";"";2;"";"";"";"";1;"";"";"";"";"";"";"";"";"";"";"";"";"";"";"";"";"";"";POBFA;"";"";"";"";"";"";incisitalia@legalmail.it;"";W7YVJK9;EUR;"";""
"";"";310;UNIFORM S.r.l.;"";Via dell' Industria, 14-Marostica;36063;VI;00350740247;A00000;"";UNICREDIT BANCA BASSANO DEL GRAPPA;"";IT00350740247;"";"";"";+39 0424 75221;"";0200860165;info@uniformsrl.it;"";"";"";"";"";"";"";"";"";"";"";1;"";"";"";"";"";"";"";"";"";"";"";"";"";"";"";"";"";"";POBFA;"";IT44M0200860165000103114746;"";amministrazione@uniformsrl.it;"";"";pec@pec.uniformsrl.it;"";M5UXCR1;"";"";""
"";"";311;BIEMME SPECIAL CARS SRL;"";Via G.Di Vittorio, 5 - z.a.-Ospedaletto Euganeo;35045;PD;03887010282;A00000;"";"";"";IT03887010282;"";"";"";+39 0429 670633;"";"";"";"";"";"";"";"";"";"";"";"";"";"";1;"";"";"";"";"";"";"";"";"";info@biemmespecialcars.it;"";"";"";"";"";"";"";"";POBFA;"";"";"";info@biemmespecialcars.it;"";"";"";"";M5UXCR1;EUR;"";""
"";"";312;Officine Meccaniche Cremasche Com srl;"";Via dell'industria n° 60-Vaiano Cremasco;26010;CR;01423850195;"";"";"";"";IT01423850195;"";"";"";+39 0373 / 42 00 13;"";"";Veronica;"";"";"";"";"";"";"";"";"";"";"";1;"";"";"";"";"";"";"";"";"";"";"";"";"";"";"";"";"";"";POBFA;"";"";"";"";"";"";"";"";"";"";"";""
"";"";313;CIRRITO BARBARA;"";contrada Serrafila-PIAZZA ARMERINA - SICILIA;94015;"";00560400863;"";"";"";"";IT00560400863;"";"";"";"";"";"";"";"";"";"";"";"";"";"";"";"";"";"";"";"";"";"";"";"";"";"";"";"";"";"";"";"";"";"";"";"";"";POBFA;"";"";"";"";"";"";"";"";"";"";"";""
"";"";314;MONDE SRL;"";Via Conca, 1/3-Villaverla;36030;VI;00902650241;B41000;"";CREDIT AGRICOLE ITALIA Ag. Thiene (VI);"";IT00902650241;"";"";"";0444/985532;"";0623060790;Diego Ciscato;"";"";"";"";"";0444/985157;"";"";"";"";"";1;"";"";"";"";"";"";"";"";"";"";J000015141680;"";"";"";"";"";"";"";POBFA;"";IT68J0623060790000015141680;"";loredana.milan@metal-on-demand.com;"";"";"";"";AU7YEU4;EUR;"";""
"";"";315;LITOGRAFIA TOSI SNC di TOSI RICCARDO &;C.;via Pomposa, 227-FERRARA;44123;FE;00568490387;541032;"";UNICREDIT BANCA CORSO MARTIRI DELLA LIBERTA', 51 - FERRARA;"";IT00568490387;"";"";"";0532 63750;"";0200813000;"";"";"";"";"";"";"";"";"";"";2,60;"";1;"";"";"";"";"";"";"";"";"";miria@litotosi.it  -  info@litotosi.it;D000002962902;"";"";"";"";"";"";"";POBFA;"";IT57D0200813000000002962902;"";miria@litotosi.it;"";"";litografiatosi@postacert.it;"";T04ZHR3;EUR;"";""
"";"";316;ISTITUTI VICENZA SRL;"";Viale Leonardo Da Vinci 14-Vicenza;36100;VI;04323270241;A00000;"";"";"";IT04323270241;"";"";"";Paolo Bortolotti;"";"";"";"";"";"";"";"";"";"";"";"";"";"";1;"";"";"";"";"";"";"";"";"";info@istitutivicenza.com;"";"";"";"";"";"";"";"";POBFA;"";"";"";info@istitutivicenza.com;"";"";"";"";P62QHVQ;EUR;"";""
"";"";317;LASERWELD INDUSTRY GROUP SRL;"";Via Palù, 34-GRUMOLO DELLE ABBADESSE;36040;VI;04127350249;A00000;"";"";"";IT04127350249;"";"";"";0444 387226;"";"";"";"";"";"";"";"";"";"";"";"";"";"";1;"";"";"";"";"";"";"";"";"";"";"";"";"";"";"";"";"";"";POBFA;"";"";"";purchasing@laserweldgroup.com;"";"";"";"";KRRH6B9;EUR;"";""
"";"";318;L.C.C. srl;"";Fraz. Sant'Anna Boschi, 339-CASTELLAMONTE;10081;TO;"";"";"";"";"";IT;"";"";"";0124 515101;"";"";"";"";"";"";"";"";"";"";"";"";"";"";1;"";"";"";"";"";"";"";"";"";"";"";"";"";"";"";"";"";"";POBFA;"";"";"";"";"";"";"";"";"";"";"";""
"";"";320;ERIKA BIJOUX di MARANGONI ADRIANO;"";via Meucci, 23-ARCUGNANO;36057;VI;MRNDRN63H17L840L;A00000;"";"";"";IT01944430246;"";"";"";0444 287004;"";"";ADRIANO MARANGONI;"";"";"";"";"";3472319669;"";"";"";"";"";1;"";"";"";"";"";"";"";"";"";adrianomarangoni63@gmail.com;"";"";"";"";"";"";"";"";"";"";"";"";adrianomarangoni63@gmail.com;"";"";"";"";KRRH6B9;EUR;"";""
"";"";321;MAI SRL OFFICINA MECCANICA DI PRECISIONE;"";VIA SECONDA STRADA-ARZIGNANO;36071;VI;03006290245;541032;"";"";"";IT03006290245;"";"";"";0444 670573;"";"";"";"";"";"";"";"";"";"";"";"";"";"";"";"";"";"";"";"";"";"";"";"";"";"";"";"";"";"";"";"";"";"";"";"";"";"";"";"";"";"";"";"";"";""
"";"";322;PROFILITEC S.p.a.;"";Via Scotte, 3-Isola Vicentina;36033;VI;"";542300;"";CREDITO EMILIANO- CREDEM;"";IT03109770242;"";"";"";+39 0444 268311;"";0303211801;"";"";"";"";"";"";"";"";"";"";5,2;"";1;"";"";"";"";"";"";"";"";"";"";N010000002389;"";"";"";"";"";"";"";"";"";IT60N0303211801010000002389;"";"";"";"";"";"";AU7YEU4;"";"";695
"";"";323;SEVA JHONNY;"";Via Venticella, 33-VALMADONNA;15122;AL;SVEJNN73E03A182D;BB6R;"";"";"";IT01877260065;"";"";"";333-9392141;"";"";"";"";"";"";"";"";"";"";"";"";"";"";1;"";"";"";"";"";"";"";"";"";jhos4r@yahoo.it;"";"";"";"";"";"";"";"";"";"";"";"";jhos4r@yahoo.it;"";"";"";"";0000000;EUR;"";681
"";"";324;Georg Fischer Tpa Srl;"";Via Seminella 50/M-Busalla;16012;GE;02004401200;A00000;"";"";"";IT02004401200;"";"";"";"";"";"";"";"";"";"";"";"";"";"";"";"";"";"";"";"";"";"";"";"";"";"";"";"";"";"";"";"";"";"";"";"";"";"";"";"";"";"";"";"";"";"";SN4CSRI;EUR;"";""
"";"";325;GDA ENGINEERING;"";Strada di Gogna-149D;36100;VI;03008060836;@7;"";"";"";03008060836;"";"";"";3345811900;"";"";"";"";"";"";"";19/12/2025;"";"";"";"";"";"";"";"";"";"";"";"";"";"";"";"";"";"";"";"";"";"";"";"";"";"";"";"";"";"";Veneto;"";"";"";"";"";"";""
"";P;326;DALLA VIA VALENTINA - DE BONI NICOLA;"";Strada del Tormeno n.75 - VICENZA;36100;VI;DLLVNT92P48L840K;"";82;"";"";"";"";"";"";"";"";"";"";"";"";"";"";"";"";"";"";"";"";"";1;"";"";"";"";"";"";"";"";J;valentinadallavia@hotmail.com;"";"";"";"";"";"";"";"";"";"";"";"";"";Veneto;"";"";"";"";"";"";""
"";"";327;F.lli Dalla Via srl - Magazzino;"";"";"";"";"";"";"";"";"";"";"";"";"";"";"";"";"";"";"";"";"";02/02/2026;"";"";"";"";"";"";"";"";"";"";"";"";"";"";"";"";"";"";"";"";"";"";"";"";"";"";"";"";"";"";"";"";"";"";"";"";"";""
"";"";328;22 KARAT;Luxury Gold;Yangi Ariq-84;"";"";"";"";"";"";"";"";"";"";"";"";"";"";"";"";"";"";"";03/02/2026;"";"";"";"";"";"";"";"";"";"";"";"";"";"";"";"";"";"";"";"";"";"";"";"";"";"";"";"";"";"";uzbekistan;"";"";"";"";"";"";""
""; ;329;INARCA SPA;"";Via Cà Zusto,35-VIGODARZERE;35010;PD;"";"";"";"";"";IT00221480288;"";"";"";049-8888411;"";"";"";"";"";"";"";26/02/2026;"";"";"";"";"";"";"";"";"";"";"";"";"";"";"";"";m.varotto@inarca.it;"";"";"";"";"";"";"";"";"";"";"";"";"";veneto;"";inarca@pec.inarca.it;"";"";"";"";""
"";"";330;ALCA TECHNOLOGY Srl;"";Via Lago di Garda, 130-SCHIO;36015;VI;"";"";"";"";"";IT02793000247;"";"";"";0445-500064;"";"";"";"";"";"";"";06/03/2026;"";"";"";"";"";"";"";"";"";"";"";"";"";"";"";"";info@alcatechnology.com;"";"";"";"";"";"";"";"";"";"";"";"";"";Veneto;"";"";"";K0ROACV;"";"";689
"";"";331;Guala Closures S.p.A.;"";Via Rana-10/12 Zona Industriale D6;15122;AL;"";"";"";"";"";10038620968;"";"";"";"";"";"";"";"";"";"";"";09/03/2026;"";"";"";"";"";"";"";"";"";"";"";"";"";"";"";"";"";"";"";"";"";"";"";"";"";"";"";"";"";"";Piemonte;"";"";"";"";"";"";""
"";"";332;LTNG ENTERPRISE;"";3011 BEDOK INDUSTRIAL PARK E, #02-2004 BEDOK INDUSTRIAL PARK E;489977;SG;"";@7;90;01-BANCA DEL VENETO CENTRALE;"";SG52823408X;"";"";"";"";"";"";"";"";"";"";"";13/04/2026;"";"";"";"";"";"";"";"";"";"";"";"";"";"";"";BF;"";"";"";"";"";"";"";"";"";"";"";"";"";"";CIna      ;"";"";"";"";"";"";""
"";"";333;D.R.S. GUARNIZIONI INDUSTRIALI S.R.L.;"";Via Consolare n.75-ZOCO D'ERBUSCO;25030;BS;"";@7;"";                                                          %1;"";IT03107100178;"";"";"";030-7267 592;"";"";"";"";"";"";"";14/04/2026;"";"";"";"";"";"";"";"";"";"";"";"";"";"";"";"";"";"";"";"";"";"";"";"";"";"";"";"";"";"";Lombardia;"";drssrl@legalmail.it;"";USAL8PV;"";"";""
"";"";334;JOSEPH NOUJEIM;"";"";"";"";"";@7;"";                                                          %1;"";"";"";"";"";3358110134;"";"";"";"";"";"";"";04/05/2026;"";"";"";"";"";"";"";"";"";"";"";"";"";"";"";"";joseph.noujeim@yahoo.it;"";"";"";"";"";"";"";"";"";"";"";"";"";"";"";"";"";"";"";"";""
"";"";335;SINICO SNC DI SINICO WALTER & C.;"";Via Pier Santi Mattarella, 16 - Camisano Vicentino (VI);36043;VI;"";"";"";INTESA SAN PAOLO;"";IT00627770241;"";"";"";+39 0444 610850;"";0306960232;"";"";"";"";"";04/05/2026;"";"";"";"";"";"";"";"";"";"";"";"";"";"";"";"";info@sinico.it;C100000000285;"";"";"";1;"";"";"";"";"";IT98C0306960232100000000285;"";amministrazione@sinico.it ;Veneto;"";sinico@legalmail.it;"";USAL8PV;"";"";""
